,001_turnover,002_morning_diff,003_ov_momentum,004_asym_ov,005_tug_of_war,006_rv_momentum,007,008,009,010,011,012,013,014,015,016,017,018,019
2022-08-01,,,,,,,,,,,,,,,,,,,
2022-08-02,,,,,,,,,,,,,,,,,,,
2022-08-03,,,,,,,,,,,,,,,,,,,
2022-08-04,,,,,,,,,,,,,,,,,,,
2022-08-05,,,,,,,,,,,,,,,,,,,
2022-08-08,,,,,,,,,,,,,,,,,,,
2022-08-09,,,,,,,,,,,,,,,,,,,
2022-08-10,,,,,,,,,,,,,,,,,,,
2022-08-11,,,,,,,,,,,,,,,,,,,
2022-08-12,,,,,,,,,,,,,,,,,,,
2022-08-15,,,,,,,,,,,,,,,,,,,
2022-08-16,,,,,,,,,,,,,,,,,,,
2022-08-17,,,,,,,,,,,,,,,,,,,
2022-08-18,,,,,,,,,,,,,,,,,,,
2022-08-19,,,,,,,,,,,,,,,,,,,
2022-08-22,,,,,,,,,,,,,,,,,,,
2022-08-23,,,,,,,,,,,,,,,,,,,
2022-08-24,,,,,,,,,,,,,,,,,,,
2022-08-25,,,,,,,,,,,,,,,,,,,
2022-08-26,,,,,,,,,,,,,,,,,,,
2022-08-29,,,,,,,,,,,,,,,,,,,
2022-08-30,,,,,,,,,,,,,,,,,,,
2022-08-31,,,,,,,,,,,,,,,,,,,
2022-09-01,,,,,,,,,,,,,,,,,,,
2022-09-02,,,,,,,,,,,,,,,,,,,
2022-09-05,,,,,,,,,,,,,,,,,,,
2022-09-06,,,,,,,,,,,,,,,,,,,
2022-09-07,,,,,,,,,,,,,,,,,,,
2022-09-08,,,,,,,,,,,,,,,,,,,
2022-09-09,,,,,,,,,,,,,,,,,,,
2022-09-13,,,,,,,,,,,,,,,,,,,
2022-09-14,,,,,,,,,,,,,,,,,,,
2022-09-15,,,,,,,,,,,,,,,,,,,
2022-09-16,,,,,,,,,,,,,,,,,,,
2022-09-19,,,,,,,,,,,,,,,,,,,
2022-09-20,,,,,,,,,,,,,,,,,,,
2022-09-21,,,,,,,,,,,,,,,,,,,
2022-09-22,,,,,,,,,,,,,,,,,,,
2022-09-23,,,,,,,,,,,,,,,,,,,
2022-09-26,,,,,,,,,,,,,,,,,,,
2022-09-27,,,,,,,,,,,,,,,,,,,
2022-09-28,,,,,,,,,,,,,,,,,,,
2022-09-29,,,,,,,,,,,,,,,,,,,
2022-09-30,,,,,,,,,,,,,,,,,,,
2022-10-10,,,,,,,,,,,,,,,,,,,
2022-10-11,,,,,,,,,,,,,,,,,,,
2022-10-12,,,,,,,,,,,,,,,,,,,
2022-10-13,,,,,,,,,,,,,,,,,,,
2022-10-14,,,,,,,,,,,,,,,,,,,
2022-10-17,,,,,,,,,,,,,,,,,,,
2022-10-18,,,,,,,,,,,,,,,,,,,
2022-10-19,,,,,,,,,,,,,,,,,,,
2022-10-20,,,,,,,,,,,,,,,,,,,
2022-10-21,,,,,,,,,,,,,,,,,,,
2022-10-24,,,,,,,,,,,,,,,,,,,
2022-10-25,,,,,,,,,,,,,,,,,,,
2022-10-26,,,,,,,,,,,,,,,,,,,
2022-10-27,,,,,,,,,,,,,,,,,,,
2022-10-28,,,,,,,,,,,,,,,,,,,
2022-10-31,,,,,,,,,,,,,,,,,,,
2022-11-01,,,,,,,,,,,,,,,,,,,
2022-11-02,,,,,,,,,,,,,,,,,,,
2022-11-03,,,,,,,,,,,,,,,,,,,
2022-11-04,,,,,,,,,,,,,,,,,,,
2022-11-07,,,,,,,,,,,,,,,,,,,
2022-11-08,,,,,,,,,,,,,,,,,,,
2022-11-09,,,,,,,,,,,,,,,,,,,
2022-11-10,,,,,,,,,,,,,,,,,,,
2022-11-11,,,,,,,,,,,,,,,,,,,
2022-11-14,,,,,,,,,,,,,,,,,,,
2022-11-15,,,,,,,,,,,,,,,,,,,
2022-11-16,,,,,,,,,,,,,,,,,,,
2022-11-17,,,,,,,,,,,,,,,,,,,
2022-11-18,,,,,,,,,,,,,,,,,,,
2022-11-21,,,,,,,,,,,,,,,,,,,
2022-11-22,,,,,,,,,,,,,,,,,,,
2022-11-23,,,,,,,,,,,,,,,,,,,
2022-11-24,,,,,,,,,,,,,,,,,,,
2022-11-25,,,,,,,,,,,,,,,,,,,
2022-11-28,,,,,,,,,,,,,,,,,,,
2022-11-29,,,,,,,,,,,,,,,,,,,
2022-11-30,,,,,,,,,,,,,,,,,,,
2022-12-01,,,,,,,,,,,,,,,,,,,
2022-12-02,,,,,,,,,,,,,,,,,,,
2022-12-05,,,,,,,,,,,,,,,,,,,
2022-12-06,,,,,,,,,,,,,,,,,,,
2022-12-07,,,,,,,,,,,,,,,,,,,
2022-12-08,,,,,,,,,,,,,,,,,,,
2022-12-09,,,,,,,,,,,,,,,,,,,
2022-12-12,,,,,,,,,,,,,,,,,,,
2022-12-13,,,,,,,,,,,,,,,,,,,
2022-12-14,,,,,,,,,,,,,,,,,,,
2022-12-15,,,,,,,,,,,,,,,,,,,
2022-12-16,,,,,,,,,,,,,,,,,,,
2022-12-19,,,,,,,,,,,,,,,,,,,
2022-12-20,,,,,,,,,,,,,,,,,,,
2022-12-21,,,,,,,,,,,,,,,,,,,
2022-12-22,,,,,,,,,,,,,,,,,,,
2022-12-23,,,,,,,,,,,,,,,,,,,
2022-12-26,,,,,,,,,,,,,,,,,,,
2022-12-27,,,,,,,,,,,,,,,,,,,
2022-12-28,,,,,,,,,,,,,,,,,,,
2022-12-29,,,,,,,,,,,,,,,,,,,
2022-12-30,,,,,,,,,,,,,,,,,,,
2023-01-03,,,,,,,,,,,,,,,,,,,
2023-01-04,,,,,,,,,,,,,,,,,,,
2023-01-05,,,,,,,,,,,,,,,,,,,
2023-01-06,,,,,,,,,,,,,,,,,,,
2023-01-09,,,,,,,,,,,,,,,,,,,
2023-01-10,,,,,,,,,,,,,,,,,,,
2023-01-11,,,,,,,,,,,,,,,,,,,
2023-01-12,,,,,,,,,,,,,,,,,,,
2023-01-13,,,,,,,,,,,,,,,,,,,
2023-01-16,,,,,,,,,,,,,,,,,,,
2023-01-17,,,,,,,,,,,,,,,,,,,
2023-01-18,,,,,,,,,,,,,,,,,,,
2023-01-19,,,,,,,,,,,,,,,,,,,
2023-01-20,,,,,,,,,,,,,,,,,,,
2023-01-30,,,,,,,,,,,,,,,,,,,
2023-01-31,,,,,,,,,,,,,,,,,,,
2023-02-01,,,,,,,,,,,,,,,,,,,
2023-02-02,,,,,,,,,,,,,,,,,,,
2023-02-03,,,,,,,,,,,,,,,,,,,
2023-02-06,,,,,,,,,,,,,,,,,,,
2023-02-07,,,,,,,,,,,,,,,,,,,
2023-02-08,,,,,,,,,,,,,,,,,,,
2023-02-09,,,,,,,,,,,,,,,,,,,
2023-02-10,,,,,,,,,,,,,,,,,,,
2023-02-13,,,,,,,,,,,,,,,,,,,
2023-02-14,,,,,,,,,,,,,,,,,,,
2023-02-15,,,,,,,,,,,,,,,,,,,
2023-02-16,,,,,,,,,,,,,,,,,,,
2023-02-17,,,,,,,,,,,,,,,,,,,
2023-02-20,,,,,,,,,,,,,,,,,,,
2023-02-21,,,,,,,,,,,,,,,,,,,
2023-02-22,,,,,,,,,,,,,,,,,,,
2023-02-23,,,,,,,,,,,,,,,,,,,
2023-02-24,,,,,,,,,,,,,,,,,,,
2023-02-27,,,,,,,,,,,,,,,,,,,
2023-02-28,,,,,,,,,,,,,,,,,,,
2023-03-01,,,,,,,,,,,,,,,,,,,
2023-03-02,,,,,,,,,,,,,,,,,,,
2023-03-03,,,,,,,,,,,,,,,,,,,
2023-03-06,,,,,,,,,,,,,,,,,,,
2023-03-07,,,,,,,,,,,,,,,,,,,
2023-03-08,,,,,,,,,,,,,,,,,,,
2023-03-09,,,,,,,,,,,,,,,,,,,
2023-03-10,,,,,,,,,,,,,,,,,,,
2023-03-13,,,,,,,,,,,,,,,,,,,
2023-03-14,,,,,,,,,,,,,,,,,,,
2023-03-15,,,,,,,,,,,,,,,,,,,
2023-03-16,,,,,,,,,,,,,,,,,,,
2023-03-17,,,,,,,,,,,,,,,,,,,
2023-03-20,,,,,,,,,,,,,,,,,,,
2023-03-21,,,,,,,,,,,,,,,,,,,
2023-03-22,,,,,,,,,,,,,,,,,,,
2023-03-23,,,,,,,,,,,,,,,,,,,
2023-03-24,,,,,,,,,,,,,,,,,,,
2023-03-27,,,,,,,,,,,,,,,,,,,
2023-03-28,,,,,,,,,,,,,,,,,,,
2023-03-29,,,,,,,,,,,,,,,,,,,
2023-03-30,,,,,,,,,,,,,,,,,,,
2023-03-31,,,,,,,,,,,,,,,,,,,
2023-04-03,,,,,,,,,,,,,,,,,,,
2023-04-04,,,,,,,,,,,,,,,,,,,
2023-04-06,,,,,,,,,,,,,,,,,,,
2023-04-07,,,,,,,,,,,,,,,,,,,
2023-04-10,,,,,,,,,,,,,,,,,,,
2023-04-11,,,,,,,,,,,,,,,,,,,
2023-04-12,,,,,,,,,,,,,,,,,,,
2023-04-13,,,,,,,,,,,,,,,,,,,
2023-04-14,,,,,,,,,,,,,,,,,,,
2023-04-17,,,,,,,,,,,,,,,,,,,
2023-04-18,,,,,,,,,,,,,,,,,,,
2023-04-19,,,,,,,,,,,,,,,,,,,
2023-04-20,,,,,,,,,,,,,,,,,,,
2023-04-21,,,,,,,,,,,,,,,,,,,
2023-04-24,,,,,,,,,,,,,,,,,,,
2023-04-25,,,,,,,,,,,,,,,,,,,
2023-04-26,,,,,,,,,,,,,,,,,,,
2023-04-27,,,,,,,,,,,,,,,,,,,
2023-04-28,,,,,,,,,,,,,,,,,,,
2023-05-04,,,,,,,,,,,,,,,,,,,
2023-05-05,,,,,,,,,,,,,,,,,,,
2023-05-08,,,,,,,,,,,,,,,,,,,
2023-05-09,,,,,,,,,,,,,,,,,,,
2023-05-10,,,,,,,,,,,,,,,,,,,
2023-05-11,,,,,,,,,,,,,,,,,,,
2023-05-12,,,,,,,,,,,,,,,,,,,
2023-05-15,,,,,,,,,,,,,,,,,,,
2023-05-16,,,,,,,,,,,,,,,,,,,
2023-05-17,,,,,,,,,,,,,,,,,,,
2023-05-18,,,,,,,,,,,,,,,,,,,
2023-05-19,,,,,,,,,,,,,,,,,,,
2023-05-22,,,,,,,,,,,,,,,,,,,
2023-05-23,,,,,,,,,,,,,,,,,,,
2023-05-24,,,,,,,,,,,,,,,,,,,
2023-05-25,,,,,,,,,,,,,,,,,,,
2023-05-26,,,,,,,,,,,,,,,,,,,
2023-05-29,,,,,,,,,,,,,,,,,,,
2023-05-30,,,,,,,,,,,,,,,,,,,
2023-05-31,,,,,,,,,,,,,,,,,,,
2023-06-01,,,,,,,,,,,,,,,,,,,
2023-06-02,,,,,,,,,,,,,,,,,,,
2023-06-05,,,,,,,,,,,,,,,,,,,
2023-06-06,,,,,,,,,,,,,,,,,,,
2023-06-07,,,,,,,,,,,,,,,,,,,
2023-06-08,,,,,,,,,,,,,,,,,,,
2023-06-09,,,,,,,,,,,,,,,,,,,
2023-06-12,,,,,,,,,,,,,,,,,,,
2023-06-13,,,,,,,,,,,,,,,,,,,
2023-06-14,,,,,,,,,,,,,,,,,,,
2023-06-15,,,,,,,,,,,,,,,,,,,
2023-06-16,,,,,,,,,,,,,,,,,,,
2023-06-19,,,,,,,,,,,,,,,,,,,
2023-06-20,,,,,,,,,,,,,,,,,,,
2023-06-21,,,,,,,,,,,,,,,,,,,
2023-06-26,,,,,,,,,,,,,,,,,,,
2023-06-27,,,,,,,,,,,,,,,,,,,
2023-06-28,,,,,,,,,,,,,,,,,,,
2023-06-29,,,,,,,,,,,,,,,,,,,
2023-06-30,,,,,,,,,,,,,,,,,,,
2023-07-03,,,,,,,,,,,,,,,,,,,
2023-07-04,,,,,,,,,,,,,,,,,,,
2023-07-05,,,,,,,,,,,,,,,,,,,
2023-07-06,,,,,,,,,,,,,,,,,,,
2023-07-07,,,,,,,,,,,,,,,,,,,
2023-07-10,,,,,,,,,,,,,,,,,,,
2023-07-11,,,,,,,,,,,,,,,,,,,
2023-07-12,,,,,,,,,,,,,,,,,,,
2023-07-13,,,,,,,,,,,,,,,,,,,
2023-07-14,,,,,,,,,,,,,,,,,,,
2023-07-17,,,,,,,,,,,,,,,,,,,
2023-07-18,,,,,,,,,,,,,,,,,,,
2023-07-19,,,,,,,,,,,,,,,,,,,
2023-07-20,,,,,,,,,,,,,,,,,,,
2023-07-21,,,,,,,,,,,,,,,,,,,
2023-07-24,,,,,,,,,,,,,,,,,,,
2023-07-25,,,,,,,,,,,,,,,,,,,
2023-07-26,,,,,,,,,,,,,,,,,,,
2023-07-27,,,,,,,,,,,,,,,,,,,
2023-07-28,,,,,,,,,,,,,,,,,,,
2023-07-31,,,,,,,,,,,,,,,,,,,
2023-08-01,,,,,,,,,,,,,,,,,,,
2023-08-02,,,,,,,,,,,,,,,,,,,
2023-08-03,,,,,,,,,,,,,,,,,,,
2023-08-04,,,,,,,,,,,,,,,,,,,
2023-08-07,,,,,,,,,,,,,,,,,,,
2023-08-08,,,,,,,,,,,,,,,,,,,
2023-08-09,,,,,,,,,,,,,,,,,,,
2023-08-10,,,,,,,,,,,,,,,,,,,
2023-08-11,,,,,,,,,,,,,,,,,,,
2023-08-14,0.09106678230702515,0.13790112749349523,0.06591500433651344,0.09019947961838681,0.08933217692974849,0.11101474414570685,0.03469210754553339,0.040763226366001735,0.03469210754553339,0.032090199479618386,0.014744145706851692,0.024284475281873375,0.009540329575021683,0.0199479618386817,0.02515177797051171,0.06418039895923677,0.019080659150043366,0.0372940156114484,0.058109280138768434
2023-08-15,0.09991235758106924,0.13672217353198948,0.060473269062226116,0.08676599474145487,0.09027169149868536,0.1200701139351446,0.03856266432953549,0.04820333041191937,0.03155127081507449,0.029798422436459245,0.007011393514460999,0.021910604732690624,0.008764241893076249,0.017528483786152498,0.02366345311130587,0.06573181419807186,0.017528483786152498,0.03593339176161262,0.05959684487291849
2023-08-16,0.10507880910683012,0.14273204903677758,0.06830122591943957,0.08756567425569177,0.08756567425569177,0.10770577933450087,0.03852889667250438,0.04553415061295972,0.03064798598949212,0.03327495621716287,0.00788091068301226,0.021891418563922942,0.01138353765323993,0.020140105078809107,0.023642732049036778,0.05516637478108581,0.025394045534150613,0.03765323992994746,0.049912434325744305
2023-08-17,0.09680284191829484,0.15186500888099466,0.06660746003552398,0.08969804618117229,0.08703374777975133,0.1127886323268206,0.03907637655417407,0.0497335701598579,0.02486678507992895,0.02664298401420959,0.008880994671403197,0.022202486678507993,0.006216696269982238,0.015985790408525755,0.023978685612788632,0.06483126110124333,0.020426287744227355,0.04085257548845471,0.05150976909413854
2023-08-18,0.10595446584938704,0.13134851138353765,0.06567425569176882,0.08581436077057793,0.07793345008756568,0.11120840630472854,0.03502626970227671,0.047285464098073555,0.0297723292469352,0.028021015761821366,0.01926444833625219,0.023642732049036778,0.012259194395796848,0.01576182136602452,0.02714535901926445,0.05604203152364273,0.020140105078809107,0.05166374781085814,0.05604203152364273
2023-08-21,0.10008857395925598,0.1355181576616475,0.06820194862710363,0.0841452612931798,0.07883082373782108,0.10894596988485385,0.03808680248007086,0.045172719220549155,0.0354295837023915,0.02745792736935341,0.015057573073516387,0.02745792736935341,0.008857395925597875,0.015057573073516387,0.030115146147032774,0.054030115146147036,0.021257750221434897,0.05137289636846767,0.05491585473870682
2023-08-22,0.10124333925399645,0.14031971580817051,0.06394316163410302,0.08259325044404973,0.07815275310834814,0.1127886323268206,0.04085257548845471,0.04262877442273535,0.03019538188277087,0.03641207815275311,0.011545293072824156,0.021314387211367674,0.011545293072824156,0.014209591474245116,0.03285968028419183,0.056838365896980464,0.015985790408525755,0.052397868561278864,0.0541740674955595
2023-08-23,0.10388437217705511,0.13459801264679314,0.07407407407407407,0.09123757904245709,0.08130081300813008,0.1093044263775971,0.04155374887082204,0.044263775971093045,0.022583559168925023,0.026196928635953028,0.013550135501355014,0.023486901535682024,0.009033423667570008,0.017163504968383016,0.026196928635953028,0.05510388437217705,0.02077687443541102,0.04607046070460705,0.05962059620596206
2023-08-24,0.11251125112511251,0.1341134113411341,0.06840684068406841,0.08730873087308731,0.0855085508550855,0.10441044104410441,0.0405040504050405,0.0369036903690369,0.020702070207020702,0.036003600360036005,0.010801080108010801,0.025202520252025202,0.0144014401440144,0.021602160216021602,0.023402340234023402,0.052205220522052204,0.019801980198019802,0.04770477047704771,0.05850585058505851
2023-08-25,0.10670194003527336,0.1349206349206349,0.06261022927689594,0.07760141093474426,0.07671957671957672,0.1128747795414462,0.04585537918871252,0.04497354497354497,0.03527336860670194,0.029982363315696647,0.015873015873015872,0.020282186948853614,0.008818342151675485,0.019400352733686066,0.027336860670194002,0.05731922398589065,0.018518518518518517,0.042328042328042326,0.06261022927689594
2023-08-28,0.10822898032200358,0.14669051878354203,0.06976744186046512,0.08676207513416816,0.07960644007155634,0.10107334525939177,0.049194991055456175,0.04203935599284436,0.026833631484794274,0.03041144901610018,0.01073345259391771,0.03130590339892665,0.007155635062611807,0.01967799642218247,0.017889087656529516,0.046511627906976744,0.016100178890876567,0.055456171735241505,0.05456171735241502
2023-08-29,0.10803571428571429,0.14375,0.075,0.075,0.08482142857142858,0.10357142857142858,0.04285714285714286,0.04285714285714286,0.019642857142857142,0.03214285714285714,0.0125,0.026785714285714284,0.011607142857142858,0.022321428571428572,0.025,0.05267857142857143,0.008928571428571428,0.05625,0.05625
2023-08-30,0.10554089709762533,0.14511873350923482,0.07299912049252419,0.08091468777484609,0.07475813544415127,0.10466138962181179,0.03342128408091469,0.04573438874230431,0.020228671943711522,0.03518029903254178,0.009674582233948988,0.025505716798592787,0.0158311345646438,0.02990325417766051,0.023746701846965697,0.058927000879507474,0.01759014951627089,0.056288478452066845,0.04397537379067722
2023-08-31,0.11764705882352941,0.13814616755793227,0.0748663101604278,0.0748663101604278,0.08199643493761141,0.10427807486631016,0.04723707664884135,0.04634581105169341,0.017825311942959002,0.0285204991087344,0.0106951871657754,0.0196078431372549,0.013368983957219251,0.023172905525846704,0.02406417112299465,0.058823529411764705,0.016042780748663103,0.04634581105169341,0.05614973262032086
2023-09-01,0.1054481546572935,0.13884007029876977,0.07293497363796134,0.07205623901581722,0.07381370826010544,0.10369068541300527,0.04130052724077329,0.054481546572934976,0.021968365553602813,0.03251318101933216,0.015817223198594025,0.027240773286467488,0.01054481546572935,0.025483304042179262,0.02899824253075571,0.05536028119507909,0.016695957820738138,0.04745166959578207,0.05536028119507909
2023-09-04,0.11468288444830582,0.14422241529105126,0.07037358818418767,0.0738488271068636,0.07037358818418767,0.10165073848827107,0.04257167680278019,0.04257167680278019,0.013032145960034752,0.03388357949609035,0.019113814074717638,0.026064291920069503,0.014769765421372719,0.02780191138140747,0.030408340573414423,0.051259774109470024,0.022589052997393572,0.05039096437880104,0.05039096437880104
2023-09-05,0.12302284710017575,0.140597539543058,0.06854130052724078,0.07644991212653779,0.07996485061511424,0.09753954305799649,0.0492091388400703,0.043936731107205626,0.020210896309314587,0.029876977152899824,0.020210896309314587,0.020210896309314587,0.009666080843585237,0.022847100175746926,0.020210896309314587,0.05184534270650264,0.020210896309314587,0.05360281195079086,0.05184534270650264
2023-09-06,0.1200701139351446,0.13409290096406662,0.060473269062226116,0.0736196319018405,0.07712532865907099,0.11919368974583698,0.04119193689745837,0.03943908851884312,0.025416301489921123,0.028045574057843997,0.015775635407537247,0.019281332164767746,0.011393514460999123,0.022787028921998246,0.026292725679228746,0.05696757230499562,0.025416301489921123,0.04645048203330412,0.05696757230499562
2023-09-07,0.11857018308631212,0.13339145597210114,0.07061900610287707,0.06713164777680906,0.08108108108108109,0.11682650392327812,0.043591979075850044,0.042720139494333044,0.022667829119442023,0.02964254577157803,0.013077593722755012,0.023539668700959023,0.004359197907585004,0.023539668700959023,0.026155187445510025,0.05579773321708806,0.025283347863993024,0.04882301656495205,0.05318221447253706
2023-09-08,0.11246730601569312,0.14385353095030515,0.06625980819529206,0.06364428945074106,0.08108108108108109,0.11595466434176112,0.045335658238884045,0.047079337401918046,0.02702702702702703,0.03312990409764603,0.01918047079337402,0.02005231037489102,0.006974716652136007,0.016564952048823016,0.023539668700959023,0.05579773321708806,0.024411508282476024,0.043591979075850044,0.05405405405405406
2023-09-11,0.1267241379310345,0.1336206896551724,0.06465517241379311,0.06637931034482758,0.08275862068965517,0.1267241379310345,0.03706896551724138,0.04396551724137931,0.01896551724137931,0.028448275862068967,0.01206896551724138,0.022413793103448276,0.004310344827586207,0.02327586206896552,0.02586206896551724,0.054310344827586204,0.022413793103448276,0.05,0.05603448275862069
2023-09-12,0.11733800350262696,0.138353765323993,0.07267950963222417,0.07267950963222417,0.08669001751313485,0.10245183887915937,0.0446584938704028,0.040280210157618214,0.01926444833625219,0.03064798598949212,0.013134851138353765,0.020140105078809107,0.0043782837127845885,0.021015761821366025,0.03064798598949212,0.046409807355516634,0.023642732049036778,0.05516637478108581,0.06042031523642732
2023-09-13,0.12314410480349346,0.13799126637554585,0.06812227074235808,0.06986899563318777,0.08122270742358079,0.11091703056768559,0.04279475982532751,0.04192139737991266,0.022707423580786028,0.0314410480349345,0.01921397379912664,0.022707423580786028,0.008733624454148471,0.02445414847161572,0.026200873362445413,0.04017467248908297,0.013100436681222707,0.04978165938864629,0.06550218340611354
2023-09-14,0.11996497373029773,0.13922942206654992,0.07005253940455342,0.0647985989492119,0.0840630472854641,0.1042031523642732,0.043782837127845885,0.04553415061295972,0.01926444833625219,0.028021015761821366,0.016637478108581436,0.02276707530647986,0.0043782837127845885,0.020140105078809107,0.03064798598949212,0.05604203152364273,0.017513134851138354,0.05516637478108581,0.05779334500875657
2023-09-15,0.12037833190025796,0.13413585554600171,0.07136715391229578,0.06706792777300086,0.08082545141874463,0.11521926053310404,0.04987102321582115,0.043852106620808254,0.01633705932932072,0.03009458297506449,0.012037833190025795,0.021496130696474634,0.004299226139294927,0.02235597592433362,0.03697334479793637,0.04729148753224419,0.018916595012897677,0.04815133276010318,0.05932932072226999
2023-09-18,0.12706701479547433,0.1392515230635335,0.07484769364664925,0.06179286335944299,0.08529155787641428,0.1114012184508268,0.04351610095735422,0.04003481288076589,0.02175805047867711,0.02959094865100087,0.017406440382941687,0.020017406440382943,0.005221932114882507,0.020017406440382943,0.03307223672758921,0.0391644908616188,0.02175805047867711,0.044386422976501305,0.06440382941688425
2023-09-19,0.12003454231433507,0.14162348877374784,0.0768566493955095,0.06822107081174439,0.08721934369602763,0.10967184801381692,0.046632124352331605,0.037132987910189985,0.023316062176165803,0.027633851468048358,0.018134715025906734,0.023316062176165803,0.004317789291882556,0.01468048359240069,0.03281519861830743,0.04145077720207254,0.019861830742659757,0.044905008635578586,0.06217616580310881
2023-09-20,0.12024221453287197,0.14186851211072665,0.06920415224913495,0.06920415224913495,0.09169550173010381,0.11072664359861592,0.039792387543252594,0.045847750865051905,0.02162629757785467,0.031141868512110725,0.019896193771626297,0.02162629757785467,0.004325259515570935,0.014705882352941176,0.03633217993079585,0.03892733564013841,0.026816608996539794,0.03806228373702422,0.05795847750865052
2023-09-21,0.1117798796216681,0.13327601031814273,0.06620808254514188,0.06964746345657781,0.08426483233018056,0.12037833190025796,0.040412725709372314,0.04729148753224419,0.018916595012897677,0.026655202063628546,0.021496130696474634,0.02063628546861565,0.004299226139294927,0.023215821152192607,0.03697334479793637,0.05588993981083405,0.021496130696474634,0.03869303525365434,0.058469475494411005
2023-09-22,0.1174934725848564,0.14012184508268058,0.06527415143603134,0.06875543951261967,0.08790252393385553,0.1114012184508268,0.04177545691906005,0.04177545691906005,0.0278503046127067,0.025239338555265448,0.020887728459530026,0.018276762402088774,0.004351610095735422,0.02349869451697128,0.034812880765883375,0.05483028720626632,0.018276762402088774,0.044386422976501305,0.05308964316797215
2023-09-25,0.1313742437337943,0.13569576490924806,0.06568712186689715,0.0665514261019879,0.08297320656871218,0.12705272255834055,0.04148660328435609,0.04407951598962835,0.01901469317199654,0.027657735522904063,0.024200518582541054,0.016421780466724288,0.00950734658599827,0.016421780466724288,0.028522039757994815,0.043215211754537596,0.01728608470181504,0.05185825410544512,0.05099394987035436
2023-09-26,0.12318220701454234,0.1300256629597947,0.06501283147989735,0.06928999144568007,0.09067579127459367,0.1300256629597947,0.0427715996578272,0.036783575705731396,0.019674935842600515,0.026518391787852865,0.01710863986313088,0.019674935842600515,0.010265183917878529,0.02480752780153978,0.03165098374679213,0.04362703165098375,0.01710863986313088,0.04362703165098375,0.058169375534645
2023-09-27,0.12190963341858482,0.13384484228473997,0.06308610400682012,0.07757885763000852,0.09036658141517477,0.10230179028132992,0.043478260869565216,0.040068201193520885,0.02216538789428815,0.03495311167945439,0.02216538789428815,0.01875532821824382,0.00937766410912191,0.0247229326513214,0.03580562659846547,0.05115089514066496,0.013640238704177323,0.042625745950554135,0.05200341005967604
2023-09-28,0.13218884120171673,0.13733905579399142,0.061802575107296136,0.061802575107296136,0.08755364806866953,0.10815450643776824,0.045493562231759654,0.04206008583690987,0.026609442060085836,0.030042918454935622,0.01888412017167382,0.019742489270386267,0.0034334763948497852,0.026609442060085836,0.039484978540772535,0.04721030042918455,0.01888412017167382,0.04206008583690987,0.050643776824034335
2023-10-09,0.11561181434599156,0.1248945147679325,0.06919831223628692,0.06666666666666667,0.08016877637130802,0.11983122362869199,0.04135021097046414,0.035443037974683546,0.027848101265822784,0.0270042194092827,0.018565400843881856,0.01181434599156118,0.010126582278481013,0.020253164556962026,0.04388185654008439,0.05232067510548523,0.024472573839662448,0.06160337552742616,0.048945147679324896
2023-10-10,0.11476793248945148,0.1341772151898734,0.059915611814345994,0.0759493670886076,0.07763713080168777,0.1189873417721519,0.04725738396624472,0.04050632911392405,0.017721518987341773,0.030379746835443037,0.017721518987341773,0.016033755274261603,0.009282700421940928,0.0270042194092827,0.039662447257383965,0.053164556962025315,0.021940928270042195,0.04556962025316456,0.05232067510548523
2023-10-11,0.12061591103507271,0.1360136869118905,0.06159110350727117,0.0718562874251497,0.09238665526090675,0.11035072711719418,0.041916167664670656,0.041060735671514116,0.028229255774165955,0.023096663815226688,0.01283147989734816,0.01454234388366125,0.010265183917878529,0.022241231822070145,0.04020530367835757,0.046193327630453376,0.016253207869974338,0.05731394354148845,0.05303678357570573
2023-10-12,0.12331081081081081,0.13091216216216217,0.07432432432432433,0.07010135135135136,0.08530405405405406,0.13006756756756757,0.03547297297297297,0.04307432432432432,0.028716216216216218,0.017736486486486486,0.015202702702702704,0.016047297297297296,0.008445945945945946,0.02364864864864865,0.03462837837837838,0.04983108108108108,0.021114864864864864,0.044763513513513514,0.0472972972972973
2023-10-13,0.11794871794871795,0.13162393162393163,0.05641025641025641,0.07264957264957266,0.09145299145299145,0.11538461538461539,0.046153846153846156,0.042735042735042736,0.020512820512820513,0.02735042735042735,0.017094017094017096,0.017948717948717947,0.008547008547008548,0.022222222222222223,0.035897435897435895,0.044444444444444446,0.021367521367521368,0.062393162393162394,0.04786324786324787
2023-10-16,0.10623946037099494,0.13490725126475547,0.06829679595278246,0.0657672849915683,0.0893760539629005,0.12563237774030353,0.04215851602023609,0.04047217537942664,0.02866779089376054,0.023608768971332208,0.01517706576728499,0.016020236087689713,0.0042158516020236085,0.02782462057335582,0.03288364249578415,0.047217537942664416,0.0193929173693086,0.06239460370994941,0.049747048903878585
2023-10-17,0.12030716723549488,0.1348122866894198,0.06399317406143344,0.0674061433447099,0.08959044368600683,0.1296928327645051,0.03754266211604096,0.04522184300341297,0.02303754266211604,0.02901023890784983,0.021331058020477817,0.011092150170648464,0.004266211604095563,0.027303754266211604,0.031569965870307165,0.04607508532423208,0.01877133105802048,0.051194539249146756,0.04778156996587031
2023-10-18,0.10951979780960404,0.13395113732097724,0.06655433866891322,0.061499578770008424,0.08930075821398484,0.12384161752316765,0.037910699241786014,0.04465037910699242,0.031171019376579612,0.019376579612468407,0.018534119629317607,0.012636899747262006,0.005897219882055603,0.02358887952822241,0.039595619208087615,0.04717775905644482,0.014321819713563605,0.06571187868576242,0.05475989890480202
2023-10-19,0.10867733782645324,0.13395113732097724,0.06655433866891322,0.06655433866891322,0.08256107834877843,0.14153327716933445,0.039595619208087615,0.04212299915754002,0.02864363942712721,0.016849199663016005,0.019376579612468407,0.016006739679865205,0.005897219882055603,0.02274641954507161,0.02948609941027801,0.04633529907329402,0.015164279696714406,0.05981465880370682,0.05812973883740522
2023-10-20,0.11729957805907174,0.14177215189873418,0.056540084388185655,0.06582278481012659,0.08438818565400844,0.13333333333333333,0.03713080168776371,0.038818565400843885,0.02869198312236287,0.017721518987341773,0.014345991561181435,0.014345991561181435,0.006751054852320675,0.018565400843881856,0.04135021097046414,0.04725738396624472,0.020253164556962026,0.06244725738396625,0.053164556962025315
2023-10-23,0.1127946127946128,0.14393939393939395,0.06481481481481481,0.061447811447811446,0.08080808080808081,0.13215488215488216,0.03872053872053872,0.0361952861952862,0.031144781144781145,0.02441077441077441,0.015993265993265993,0.011784511784511785,0.005050505050505051,0.017676767676767676,0.03535353535353535,0.05134680134680135,0.016835016835016835,0.06481481481481481,0.054713804713804715
2023-10-24,0.12447434819175777,0.13877207737594618,0.0496215306980656,0.06644238856181665,0.08578637510513036,0.13540790580319595,0.04121110176619008,0.044575273338940284,0.02943650126156434,0.018502943650126155,0.014297729184188394,0.015138772077375946,0.004205214465937763,0.017661900756938603,0.031959629941127,0.05214465937762826,0.017661900756938603,0.05971404541631623,0.05298570227081581
2023-10-25,0.1132713440405748,0.14623837700760778,0.057480980557903634,0.0676246830092984,0.08114961961115807,0.14285714285714285,0.037193575655114115,0.03888419273034658,0.026204564666103127,0.01944209636517329,0.016060862214708368,0.011834319526627219,0.01098901098901099,0.015215553677092139,0.03550295857988166,0.04395604395604396,0.018596787827557058,0.06339814032121724,0.05409974640743871
2023-10-26,0.12289562289562289,0.1414141414141414,0.058922558922558925,0.06986531986531987,0.08333333333333333,0.12878787878787878,0.034511784511784514,0.04377104377104377,0.027777777777777776,0.021043771043771045,0.012626262626262626,0.016835016835016835,0.005050505050505051,0.015993265993265993,0.03787878787878788,0.03872053872053872,0.017676767676767676,0.07154882154882154,0.05134680134680135
2023-10-27,0.12903225806451613,0.133276740237691,0.04923599320882852,0.07215619694397284,0.08488964346349745,0.13752122241086587,0.035653650254668934,0.03904923599320883,0.03480475382003396,0.01867572156196944,0.013582342954159592,0.014431239388794566,0.0050933786078098476,0.021222410865874362,0.02801358234295416,0.04923599320882852,0.016129032258064516,0.06196943972835314,0.05602716468590832
2023-10-30,0.11483654652137469,0.13914501257334452,0.06621961441743504,0.06957250628667226,0.08717518860016764,0.13411567476948869,0.03352891869237217,0.036881810561609385,0.030176026823134954,0.020117351215423303,0.015088013411567477,0.01173512154233026,0.009220452640402346,0.019279128248113998,0.03185247275775356,0.04442581726739313,0.019279128248113998,0.06202849958088852,0.055322715842414084
2023-10-31,0.10961214165261383,0.13659359190556492,0.05902192242833052,0.07588532883642496,0.07504215851602024,0.14249578414839797,0.03962900505902192,0.03962900505902192,0.02866779089376054,0.01770657672849916,0.016020236087689713,0.016863406408094434,0.012647554806070826,0.021922428330522766,0.02951096121416526,0.046374367622259695,0.016020236087689713,0.06492411467116357,0.05143338954468803
2023-11-01,0.11828859060402684,0.1342281879194631,0.05453020134228188,0.06879194630872483,0.08053691275167785,0.14261744966442952,0.03859060402684564,0.03859060402684564,0.02936241610738255,0.01929530201342282,0.016778523489932886,0.014261744966442953,0.008389261744966443,0.02097315436241611,0.030201342281879196,0.04949664429530201,0.015939597315436243,0.06711409395973154,0.05201342281879195
2023-11-02,0.11888701517706576,0.13406408094435077,0.06745362563237774,0.07166947723440135,0.08010118043844856,0.14249578414839797,0.0387858347386172,0.0387858347386172,0.03035413153456998,0.0193929173693086,0.01517706576728499,0.012647554806070826,0.00505902192242833,0.02866779089376054,0.026981450252951095,0.04468802698145025,0.02023608768971332,0.05649241146711636,0.048060708263069137
2023-11-03,0.11690496215306981,0.12279226240538267,0.06223717409587889,0.07569386038687972,0.08746846089150546,0.1488645920941968,0.034482758620689655,0.04121110176619008,0.028595458368376788,0.022708158116063918,0.015138772077375946,0.015138772077375946,0.008410428931875526,0.022708158116063918,0.027754415475189236,0.04289318755256518,0.021026072329688814,0.05887300252312868,0.04709840201850295
2023-11-06,0.1083617747440273,0.13651877133105803,0.06228668941979522,0.08617747440273038,0.08191126279863481,0.14590443686006827,0.02901023890784983,0.03924914675767918,0.028156996587030716,0.021331058020477817,0.010238907849829351,0.00938566552901024,0.011945392491467578,0.027303754266211604,0.026450511945392493,0.04778156996587031,0.016211604095563138,0.0674061433447099,0.04436860068259386
2023-11-07,0.11008403361344538,0.12352941176470589,0.06890756302521009,0.07815126050420168,0.08151260504201681,0.1453781512605042,0.029411764705882353,0.04285714285714286,0.02689075630252101,0.024369747899159664,0.019327731092436976,0.010084033613445379,0.008403361344537815,0.02857142857142857,0.023529411764705882,0.04873949579831933,0.02689075630252101,0.05714285714285714,0.046218487394957986
2023-11-08,0.11120543293718166,0.12818336162988114,0.057724957555178265,0.07640067911714771,0.0933786078098472,0.14855687606112053,0.029711375212224108,0.0500848896434635,0.027164685908319185,0.022071307300509338,0.017826825127334467,0.011035653650254669,0.007640067911714771,0.03225806451612903,0.02461799660441426,0.04074702886247878,0.019524617996604415,0.053480475382003394,0.04838709677419355
2023-11-09,0.11063464837049743,0.12950257289879932,0.07804459691252144,0.07547169811320754,0.08490566037735849,0.1432246998284734,0.03344768439108062,0.04030874785591767,0.02830188679245283,0.025728987993138937,0.011149228130360206,0.014579759862778732,0.010291595197255575,0.029159519725557463,0.0274442538593482,0.03945111492281304,0.02058319039451115,0.0548885077186964,0.04288164665523156
2023-11-10,0.10968294772922023,0.12167952013710369,0.06512425021422451,0.08226221079691516,0.0908311910882605,0.14738646101113967,0.03513281919451585,0.04113110539845758,0.029991431019708654,0.022279348757497857,0.011996572407883462,0.01456726649528706,0.007712082262210797,0.026563838903170524,0.02913453299057412,0.05141388174807198,0.01970865467009426,0.04798628963153385,0.04541559554413025
2023-11-13,0.11653813196229648,0.1353898886032562,0.06426735218508997,0.07969151670951156,0.08226221079691516,0.14481576692373607,0.028277634961439587,0.04798628963153385,0.029991431019708654,0.026563838903170524,0.013710368466152529,0.00856898029134533,0.00856898029134533,0.021422450728363324,0.02313624678663239,0.05141388174807198,0.02570694087403599,0.03941730934018852,0.05227077977720651
2023-11-14,0.11082024432809773,0.13089005235602094,0.06544502617801047,0.07678883071553229,0.09162303664921466,0.1474694589877836,0.031413612565445025,0.041884816753926704,0.034031413612565446,0.02268760907504363,0.011343804537521814,0.012216404886561954,0.006108202443280977,0.027050610820244327,0.020942408376963352,0.03926701570680628,0.02443280977312391,0.05148342059336824,0.05410122164048865
2023-11-15,0.10930828351836037,0.12980358667805295,0.07002561912894961,0.08710503842869342,0.07514944491887275,0.14773697694278395,0.03159692570452605,0.03928266438941076,0.030742954739538857,0.02220324508966695,0.010247651579846286,0.014517506404782237,0.008539709649871904,0.02391118701964133,0.02391118701964133,0.05465414175918019,0.01964133219470538,0.04782237403928266,0.053800170794193
2023-11-16,0.12040990606319385,0.13748932536293765,0.07344150298889837,0.089666951323655,0.08454312553373185,0.1332194705380017,0.028181041844577284,0.04355251921434671,0.028181041844577284,0.016225448334756618,0.009393680614859094,0.014517506404782237,0.012809564474807857,0.029035012809564473,0.02134927412467976,0.04611443210930828,0.018787361229718188,0.04696840307429547,0.04611443210930828
2023-11-17,0.11764705882352941,0.1360842844600527,0.06760316066725197,0.08516242317822652,0.08340649692712906,0.15891132572431957,0.02633889376646181,0.041264266900790166,0.021071115013169446,0.024582967515364356,0.012291483757682178,0.01755926251097454,0.01141352063213345,0.027216856892010536,0.019315188762071993,0.03950834064969271,0.018437225636523266,0.048287971905179985,0.043898156277436345
2023-11-20,0.1036846615252785,0.13024850042844902,0.0702656383890317,0.08654670094258783,0.07969151670951156,0.14995715509854327,0.02570694087403599,0.04198800342759212,0.030848329048843187,0.02570694087403599,0.011139674378748929,0.017994858611825194,0.00856898029134533,0.024850042844901457,0.023993144815766924,0.04027420736932305,0.022279348757497857,0.05826906598114824,0.04798628963153385
2023-11-21,0.1076388888888889,0.140625,0.07118055555555555,0.08854166666666667,0.09027777777777778,0.15538194444444445,0.030381944444444444,0.036458333333333336,0.026041666666666668,0.019097222222222224,0.010416666666666666,0.016493055555555556,0.0078125,0.027777777777777776,0.019097222222222224,0.030381944444444444,0.019097222222222224,0.05295138888888889,0.050347222222222224
2023-11-22,0.10539845758354756,0.1353898886032562,0.06426735218508997,0.08397600685518423,0.08826049700085689,0.16966580976863754,0.02570694087403599,0.03598971722365039,0.02313624678663239,0.028277634961439587,0.011139674378748929,0.013710368466152529,0.010282776349614395,0.023993144815766924,0.022279348757497857,0.043701799485861184,0.016281062553556127,0.04798628963153385,0.050556983718937444
2023-11-23,0.10897994768962511,0.13949433304272013,0.07149084568439407,0.09415867480383609,0.08282476024411509,0.15257192676547515,0.03312990409764603,0.036617262423714034,0.02877070619006103,0.02702702702702703,0.006974716652136007,0.015693112467306015,0.008718395815170008,0.026155187445510025,0.02005231037489102,0.03487358326068003,0.021795989537925022,0.041848299912816043,0.04882301656495205
2023-11-24,0.09897610921501707,0.13822525597269625,0.07423208191126279,0.09215017064846416,0.08361774744027303,0.1612627986348123,0.03583617747440273,0.04522184300341297,0.021331058020477817,0.02218430034129693,0.0034129692832764505,0.01962457337883959,0.010238907849829351,0.021331058020477817,0.02218430034129693,0.040955631399317405,0.02218430034129693,0.043515358361774746,0.043515358361774746
2023-11-27,0.09507346585998272,0.14433880726015558,0.06914433880726016,0.09248055315471046,0.0847018150388937,0.16594641313742436,0.032843560933448576,0.04407951598962835,0.018150388936905792,0.029386343993085567,0.011235955056179775,0.018150388936905792,0.007778738115816767,0.01901469317199654,0.01901469317199654,0.04062229904926534,0.018150388936905792,0.04062229904926534,0.049265341400172864
2023-11-28,0.09560723514211886,0.14642549526270457,0.06890611541774333,0.0913006029285099,0.07924203273040482,0.16106804478897502,0.040482342807924204,0.03789836347975883,0.018949181739879414,0.02153316106804479,0.0103359173126615,0.01808785529715762,0.0068906115417743325,0.024978466838931956,0.023255813953488372,0.04306632213608958,0.020671834625323,0.04565030146425495,0.04565030146425495
2023-11-29,0.09433962264150944,0.1457975986277873,0.07890222984562607,0.08747855917667238,0.0797598627787307,0.17152658662092624,0.036020583190394515,0.03945111492281304,0.024871355060034305,0.02830188679245283,0.00686106346483705,0.009433962264150943,0.011149228130360206,0.023156089193825044,0.024013722126929673,0.04030874785591767,0.02144082332761578,0.03430531732418525,0.04288164665523156
2023-11-30,0.10762711864406779,0.1423728813559322,0.06864406779661017,0.09152542372881356,0.07542372881355933,0.14745762711864407,0.03305084745762712,0.043220338983050846,0.01864406779661017,0.025423728813559324,0.009322033898305085,0.019491525423728815,0.006779661016949152,0.03220338983050847,0.015254237288135594,0.03474576271186441,0.023728813559322035,0.059322033898305086,0.04576271186440678
2023-12-01,0.11319148936170213,0.14468085106382977,0.07574468085106383,0.08680851063829788,0.07829787234042553,0.1727659574468085,0.028085106382978724,0.0374468085106383,0.01957446808510638,0.01872340425531915,0.00425531914893617,0.01872340425531915,0.007659574468085106,0.026382978723404255,0.016170212765957447,0.03829787234042553,0.01702127659574468,0.05191489361702128,0.04425531914893617
2023-12-04,0.10377358490566038,0.14408233276157806,0.08662092624356775,0.08576329331046312,0.08147512864493997,0.16638078902229847,0.029159519725557463,0.038593481989708404,0.018010291595197257,0.025728987993138937,0.008576329331046312,0.018010291595197257,0.009433962264150943,0.022298456260720412,0.006003430531732418,0.036020583190394515,0.022298456260720412,0.054030874785591765,0.04373927958833619
2023-12-05,0.10409556313993173,0.14675767918088736,0.07423208191126279,0.0878839590443686,0.08532423208191127,0.17320819112627986,0.030716723549488054,0.03583617747440273,0.01877133105802048,0.02303754266211604,0.006825938566552901,0.021331058020477817,0.00938566552901024,0.025597269624573378,0.00938566552901024,0.030716723549488054,0.01962457337883959,0.0537542662116041,0.043515358361774746
2023-12-06,0.1109229466553768,0.1380186282811177,0.07790008467400508,0.08890770533446232,0.08128704487722269,0.1634208298052498,0.03132938187976291,0.03640982218458933,0.024555461473327687,0.01693480101608806,0.006773920406435224,0.01947502116850127,0.005080440304826418,0.027095681625740897,0.015241320914479255,0.04403048264182896,0.02201524132091448,0.04572396274343776,0.04487722269263336
2023-12-07,0.11272416737830913,0.14090520922288644,0.07429547395388557,0.09479077711357814,0.08198121263877028,0.1605465414175918,0.03159692570452605,0.033304867634500426,0.01964133219470538,0.018787361229718188,0.008539709649871904,0.02134927412467976,0.007685738684884714,0.025619128949615714,0.013663535439795047,0.030742954739538857,0.02305721605465414,0.053800170794193,0.04696840307429547
2023-12-08,0.11386986301369863,0.1446917808219178,0.07962328767123288,0.08904109589041095,0.07962328767123288,0.1601027397260274,0.028253424657534245,0.04023972602739726,0.02054794520547945,0.018835616438356163,0.011986301369863013,0.023116438356164382,0.005136986301369863,0.019691780821917807,0.014554794520547944,0.031678082191780824,0.017123287671232876,0.053082191780821915,0.0488013698630137
2023-12-11,0.10068846815834767,0.14543889845094665,0.07917383820998279,0.08691910499139414,0.08003442340791739,0.16265060240963855,0.027538726333907058,0.0387263339070568,0.022375215146299483,0.019793459552495698,0.011187607573149742,0.02495697074010327,0.006024096385542169,0.019793459552495698,0.018072289156626505,0.03700516351118761,0.019793459552495698,0.05421686746987952,0.04561101549053356
2023-12-12,0.11072961373390558,0.14506437768240343,0.07639484978540773,0.0927038626609442,0.07725321888412018,0.14935622317596567,0.034334763948497854,0.0351931330472103,0.020600858369098713,0.018025751072961373,0.01201716738197425,0.02317596566523605,0.010300429184549357,0.019742489270386267,0.020600858369098713,0.03862660944206009,0.01630901287553648,0.054935622317596564,0.04463519313304721
2023-12-13,0.10891938250428816,0.14665523156089194,0.07804459691252144,0.09005145797598628,0.07718696397941681,0.15780445969125215,0.026586620926243566,0.03344768439108062,0.018010291595197257,0.025728987993138937,0.009433962264150943,0.022298456260720412,0.008576329331046312,0.018010291595197257,0.02058319039451115,0.038593481989708404,0.023156089193825044,0.0548885077186964,0.04202401372212693
2023-12-14,0.11158798283261803,0.13733905579399142,0.07124463519313305,0.09184549356223176,0.07210300429184549,0.1682403433476395,0.034334763948497854,0.036051502145922745,0.019742489270386267,0.027467811158798282,0.008583690987124463,0.024892703862660945,0.006008583690987125,0.02317596566523605,0.015450643776824034,0.039484978540772535,0.018025751072961373,0.050643776824034335,0.04377682403433476
2023-12-15,0.10300429184549356,0.14506437768240343,0.07124463519313305,0.0927038626609442,0.07467811158798283,0.17253218884120172,0.034334763948497854,0.03261802575107296,0.027467811158798282,0.02145922746781116,0.00944206008583691,0.022317596566523604,0.010300429184549357,0.01888412017167382,0.015450643776824034,0.02832618025751073,0.024892703862660945,0.05751072961373391,0.03776824034334764
2023-12-18,0.11819727891156463,0.13945578231292516,0.070578231292517,0.08843537414965986,0.0782312925170068,0.16326530612244897,0.02976190476190476,0.031462585034013606,0.02040816326530612,0.023809523809523808,0.01020408163265306,0.027210884353741496,0.007653061224489796,0.02465986394557823,0.012755102040816327,0.03486394557823129,0.02040816326530612,0.05782312925170068,0.04081632653061224
2023-12-19,0.1072340425531915,0.13531914893617022,0.07914893617021276,0.08425531914893616,0.07404255319148936,0.16680851063829788,0.03234042553191489,0.0374468085106383,0.020425531914893616,0.02723404255319149,0.009361702127659575,0.02468085106382979,0.01276595744680851,0.023829787234042554,0.01957446808510638,0.04085106382978723,0.01957446808510638,0.04936170212765958,0.03574468085106383
2023-12-20,0.11871750433275563,0.1412478336221837,0.07452339688041594,0.09098786828422877,0.07972270363951472,0.1611785095320624,0.03552859618717504,0.03119584055459272,0.019064124783362217,0.024263431542461005,0.009532062391681109,0.01993067590987868,0.006065857885615251,0.02512998266897747,0.016464471403812825,0.03726169844020797,0.01733102253032929,0.04679376083188908,0.045060658578856154
2023-12-21,0.11215753424657535,0.136986301369863,0.07448630136986302,0.08904109589041095,0.07962328767123288,0.1583904109589041,0.030821917808219176,0.038527397260273974,0.023972602739726026,0.03424657534246575,0.010273972602739725,0.017123287671232876,0.010273972602739725,0.021404109589041095,0.017123287671232876,0.032534246575342464,0.02226027397260274,0.045376712328767124,0.045376712328767124
2023-12-22,0.11714039621016366,0.14039621016365203,0.06804478897502153,0.08440999138673558,0.07665805340223945,0.1739879414298019,0.025839793281653745,0.04392764857881137,0.019810508182601206,0.01808785529715762,0.008613264427217916,0.017226528854435832,0.013781223083548665,0.028423772609819122,0.01119724375538329,0.03962101636520241,0.026701119724375538,0.05254091300602928,0.03359173126614987
2023-12-25,0.1083617747440273,0.14334470989761092,0.07593856655290103,0.09215017064846416,0.08020477815699659,0.16382252559726962,0.030716723549488054,0.03583617747440273,0.01877133105802048,0.021331058020477817,0.008532423208191127,0.028156996587030716,0.004266211604095563,0.02218430034129693,0.01877133105802048,0.02901023890784983,0.023890784982935155,0.0537542662116041,0.040955631399317405
2023-12-26,0.1096938775510204,0.14285714285714285,0.07142857142857142,0.07738095238095238,0.08418367346938775,0.15136054421768708,0.027210884353741496,0.039965986394557826,0.02465986394557823,0.031462585034013606,0.015306122448979591,0.023809523809523808,0.004251700680272109,0.027210884353741496,0.011904761904761904,0.036564625850340135,0.030612244897959183,0.04846938775510204,0.041666666666666664
2023-12-27,0.11120689655172414,0.13706896551724138,0.06896551724137931,0.0853448275862069,0.08706896551724137,0.1543103448275862,0.03017241379310345,0.0353448275862069,0.025,0.02586206896551724,0.014655172413793103,0.02327586206896552,0.004310344827586207,0.025,0.015517241379310345,0.03017241379310345,0.025,0.056896551724137934,0.04482758620689655
2023-12-28,0.10463121783876501,0.13893653516295026,0.06518010291595197,0.08662092624356775,0.08662092624356775,0.1680960548885077,0.03344768439108062,0.03945111492281304,0.01972555746140652,0.025728987993138937,0.012864493996569469,0.02144082332761578,0.007718696397941681,0.02058319039451115,0.017152658662092625,0.02830188679245283,0.022298456260720412,0.057461406518010294,0.04373927958833619
2023-12-29,0.11687170474516696,0.15114235500878734,0.06678383128295255,0.09226713532513181,0.08260105448154657,0.15641476274165203,0.025483304042179262,0.03690685413005272,0.021968365553602813,0.03251318101933216,0.012302284710017574,0.01845342706502636,0.0035149384885764497,0.020210896309314587,0.020210896309314587,0.027240773286467488,0.016695957820738138,0.06063268892794376,0.037785588752196834
2024-01-02,0.11092003439380911,0.1410146173688736,0.06362854686156492,0.08770421324161651,0.08082545141874463,0.177128116938951,0.028374892519346516,0.034393809114359415,0.018056749785038694,0.026655202063628546,0.013757523645743766,0.019776440240756664,0.005159071367153913,0.021496130696474634,0.015477214101461736,0.03181427343078246,0.025795356835769563,0.058469475494411005,0.03955288048151333
2024-01-03,0.11006018916595013,0.14445399828030955,0.07136715391229578,0.08168529664660361,0.08082545141874463,0.1702493551160791,0.03869303525365434,0.03611349957007739,0.02063628546861565,0.02407566638005159,0.008598452278589854,0.02063628546861565,0.004299226139294927,0.021496130696474634,0.018916595012897677,0.027515047291487533,0.026655202063628546,0.05760963026655202,0.03611349957007739
2024-01-04,0.10766580534022395,0.14814814814814814,0.06201550387596899,0.08440999138673558,0.07579672695951765,0.16881998277347116,0.034453057708871665,0.040482342807924204,0.019810508182601206,0.03359173126614987,0.013781223083548665,0.01808785529715762,0.0103359173126615,0.019810508182601206,0.01808785529715762,0.03359173126614987,0.019810508182601206,0.050818260120585705,0.040482342807924204
2024-01-05,0.11815068493150685,0.13184931506849315,0.06763698630136987,0.09075342465753425,0.0839041095890411,0.16095890410958905,0.0351027397260274,0.04023972602739726,0.017123287671232876,0.023116438356164382,0.01113013698630137,0.025684931506849314,0.010273972602739725,0.02226027397260274,0.017123287671232876,0.025684931506849314,0.025684931506849314,0.0488013698630137,0.04452054794520548
2024-01-08,0.1070811744386874,0.12694300518134716,0.06649395509499137,0.07858376511226252,0.08290155440414508,0.18221070811744386,0.02936096718480138,0.03195164075993091,0.018998272884283247,0.025043177892918825,0.010362694300518135,0.02677029360967185,0.004317789291882556,0.02158894645941278,0.023316062176165803,0.030224525043177894,0.025043177892918825,0.06217616580310881,0.046632124352331605
2024-01-09,0.11120471777590564,0.12552653748946924,0.06823925863521482,0.08930075821398484,0.08003369839932603,0.17775905644481887,0.03706823925863521,0.03454085930918281,0.02527379949452401,0.02190395956192081,0.009267059814658803,0.02443133951137321,0.004212299915754001,0.02274641954507161,0.016849199663016005,0.03201347935973041,0.02443133951137321,0.051390058972198824,0.04380791912384162
2024-01-10,0.1245674740484429,0.13927335640138408,0.07525951557093426,0.08910034602076125,0.078719723183391,0.16349480968858132,0.02768166089965398,0.03460207612456748,0.025086505190311418,0.025086505190311418,0.01124567474048443,0.018166089965397925,0.006055363321799308,0.018166089965397925,0.014705882352941176,0.025951557093425604,0.02422145328719723,0.05795847750865052,0.04065743944636678
2024-01-11,0.11541701769165964,0.12468407750631845,0.07750631844987363,0.08677337826453244,0.08508845829823083,0.16933445661331087,0.03622577927548441,0.03622577927548441,0.02443133951137321,0.02611625947767481,0.010951979780960405,0.018534119629317607,0.010951979780960405,0.020219039595619208,0.016006739679865205,0.02527379949452401,0.02611625947767481,0.04465037910699242,0.04549283909014322
2024-01-12,0.11734693877551021,0.13095238095238096,0.07908163265306123,0.0824829931972789,0.08333333333333333,0.17006802721088435,0.041666666666666664,0.03486394557823129,0.026360544217687076,0.02295918367346939,0.012755102040816327,0.01870748299319728,0.006802721088435374,0.021258503401360544,0.017006802721088437,0.027210884353741496,0.02465986394557823,0.04081632653061224,0.041666666666666664
2024-01-15,0.11045029736618521,0.1265930331350892,0.06796941376380629,0.07731520815632965,0.09175870858113849,0.1750212404418012,0.03993203058623619,0.034834324553950725,0.022090059473237042,0.016992353440951572,0.0118946474086661,0.01954120645709431,0.004248088360237893,0.02463891248937978,0.014443500424808835,0.03058623619371283,0.03058623619371283,0.051826677994902294,0.04927782497875956
2024-01-16,0.11819727891156463,0.1292517006802721,0.07482993197278912,0.07653061224489796,0.07908163265306123,0.17687074829931973,0.02976190476190476,0.036564625850340135,0.022108843537414966,0.02295918367346939,0.017006802721088437,0.017857142857142856,0.007653061224489796,0.021258503401360544,0.017006802721088437,0.02976190476190476,0.022108843537414966,0.05442176870748299,0.0467687074829932
2024-01-17,0.1094017094017094,0.12564102564102564,0.07606837606837606,0.07863247863247863,0.08547008547008547,0.1658119658119658,0.02905982905982906,0.03675213675213675,0.021367521367521368,0.023931623931623933,0.015384615384615385,0.017094017094017096,0.005982905982905983,0.02735042735042735,0.018803418803418803,0.03162393162393162,0.02735042735042735,0.06153846153846154,0.042735042735042736
2024-01-18,0.11865864144453998,0.1298366294067068,0.0825451418744626,0.08340498710232158,0.08426483233018056,0.16680997420464316,0.023215821152192607,0.0352536543422184,0.018916595012897677,0.025795356835769563,0.014617368873602751,0.012897678417884782,0.008598452278589854,0.02235597592433362,0.018056749785038694,0.03181427343078246,0.023215821152192607,0.06276870163370593,0.03697334479793637
2024-01-19,0.10490693739424704,0.12436548223350254,0.07445008460236886,0.077834179357022,0.07952622673434856,0.16666666666666666,0.02622673434856176,0.03807106598984772,0.028764805414551606,0.021150592216582064,0.02030456852791878,0.01692047377326565,0.00338409475465313,0.027918781725888325,0.021996615905245348,0.03553299492385787,0.023688663282571912,0.06514382402707276,0.04314720812182741
2024-01-22,0.11799660441426146,0.13497453310696095,0.07640067911714771,0.08743633276740238,0.08064516129032258,0.15874363327674024,0.02631578947368421,0.0365025466893039,0.02631578947368421,0.022920203735144314,0.012733446519524618,0.014431239388794566,0.0050933786078098476,0.023769100169779286,0.016129032258064516,0.031409168081494056,0.025466893039049237,0.06281833616298811,0.039898132427843805
2024-01-23,0.11196581196581197,0.13076923076923078,0.07948717948717948,0.07863247863247863,0.07692307692307693,0.1641025641025641,0.03247863247863248,0.038461538461538464,0.028205128205128206,0.017948717948717947,0.015384615384615385,0.015384615384615385,0.008547008547008548,0.02564102564102564,0.020512820512820513,0.035897435897435895,0.023931623931623933,0.05299145299145299,0.042735042735042736
2024-01-24,0.1109229466553768,0.12531752751905165,0.08721422523285352,0.0838272650296359,0.07705334462320068,0.1718882303132938,0.026248941574936496,0.03979678238780694,0.021168501270110076,0.02201524132091448,0.017781541066892465,0.012701100762066046,0.007620660457239628,0.02540220152413209,0.017781541066892465,0.03048264182895851,0.026248941574936496,0.05334462320067739,0.04318374259102455
2024-01-25,0.11367521367521367,0.1264957264957265,0.08547008547008547,0.07435897435897436,0.08547008547008547,0.1683760683760684,0.02905982905982906,0.03418803418803419,0.024786324786324785,0.021367521367521368,0.015384615384615385,0.013675213675213675,0.008547008547008548,0.022222222222222223,0.02564102564102564,0.03247863247863248,0.021367521367521368,0.0547008547008547,0.042735042735042736
2024-01-26,0.11073253833049404,0.12180579216354344,0.08091993185689948,0.07495741056218058,0.08262350936967632,0.16524701873935263,0.028109028960817718,0.041737649063032366,0.019591141396933562,0.02385008517887564,0.013628620102214651,0.015332197614991482,0.008517887563884156,0.02385008517887564,0.022146507666098807,0.036626916524701875,0.02555366269165247,0.06303236797274275,0.041737649063032366
2024-01-29,0.12167952013710369,0.13110539845758354,0.07883461868037704,0.0805484147386461,0.07969151670951156,0.16452442159383032,0.02570694087403599,0.038560411311053984,0.027420736932305057,0.022279348757497857,0.011139674378748929,0.013710368466152529,0.004284490145672665,0.024850042844901457,0.017994858611825194,0.031705227077977724,0.024850042844901457,0.05912596401028278,0.04198800342759212
2024-01-30,0.11577181208053691,0.12835570469798657,0.07885906040268456,0.08053691275167785,0.08221476510067115,0.15855704697986578,0.03104026845637584,0.044463087248322146,0.024328859060402684,0.02181208053691275,0.014261744966442953,0.014261744966442953,0.0050335570469798654,0.026845637583892617,0.02936241610738255,0.030201342281879196,0.01929530201342282,0.04865771812080537,0.04614093959731544
2024-01-31,0.11564625850340136,0.13435374149659865,0.0782312925170068,0.07397959183673469,0.08418367346938775,0.16156462585034015,0.030612244897959183,0.03316326530612245,0.02891156462585034,0.02465986394557823,0.013605442176870748,0.016156462585034014,0.006802721088435374,0.022108843537414966,0.02465986394557823,0.031462585034013606,0.022108843537414966,0.05442176870748299,0.04336734693877551
2024-02-01,0.11262798634812286,0.12116040955631399,0.07679180887372014,0.0810580204778157,0.08959044368600683,0.1689419795221843,0.034129692832764506,0.03839590443686007,0.025597269624573378,0.023890784982935155,0.014505119453924915,0.01877133105802048,0.00938566552901024,0.024744027303754267,0.027303754266211604,0.027303754266211604,0.023890784982935155,0.03754266211604096,0.04436860068259386
2024-02-02,0.11092150170648464,0.12286689419795221,0.07593856655290103,0.07679180887372014,0.08361774744027303,0.16638225255972697,0.041808873720136516,0.043515358361774746,0.02303754266211604,0.02218430034129693,0.011945392491467578,0.017064846416382253,0.00938566552901024,0.025597269624573378,0.014505119453924915,0.033276450511945395,0.024744027303754267,0.05204778156996587,0.04436860068259386
2024-02-05,0.1089527027027027,0.13091216216216217,0.07939189189189189,0.0777027027027027,0.08277027027027027,0.16469594594594594,0.02956081081081081,0.037162162162162164,0.02533783783783784,0.026182432432432432,0.016891891891891893,0.015202702702702704,0.007601351351351352,0.018581081081081082,0.02195945945945946,0.024493243243243243,0.03462837837837838,0.05574324324324324,0.04222972972972973
2024-02-06,0.11959287531806616,0.12468193384223919,0.08227311280746395,0.08057675996607294,0.07888040712468193,0.15182357930449533,0.0364715860899067,0.039016115351993216,0.022900763358778626,0.02883799830364716,0.017811704834605598,0.019508057675996608,0.005937234944868533,0.024597116200169637,0.021204410517387615,0.02883799830364716,0.02714164546225615,0.043256997455470736,0.04664970313825276
2024-02-07,0.12146422628951747,0.12312811980033278,0.07071547420965059,0.08818635607321132,0.08319467554076539,0.16888519134775373,0.03161397670549085,0.03826955074875208,0.029950083194675542,0.021630615640599003,0.018302828618968387,0.016638935108153077,0.0066555740432612314,0.026622296173044926,0.018302828618968387,0.0324459234608985,0.020798668885191347,0.04159733777038269,0.04159733777038269
2024-02-08,0.11655405405405406,0.13175675675675674,0.08108108108108109,0.08023648648648649,0.08530405405405406,0.16638513513513514,0.02956081081081081,0.03462837837837838,0.02787162162162162,0.024493243243243243,0.016047297297297296,0.015202702702702704,0.0033783783783783786,0.02027027027027027,0.024493243243243243,0.02787162162162162,0.02364864864864865,0.04814189189189189,0.04307432432432432
2024-02-19,0.11357813834329633,0.13065755764304013,0.07600341588385995,0.07344150298889837,0.0802732707087959,0.18018787361229718,0.02305721605465414,0.03928266438941076,0.024765157984628524,0.02391118701964133,0.013663535439795047,0.017079419299743808,0.005977796754910333,0.02134927412467976,0.02049530315969257,0.03159692570452605,0.02220324508966695,0.05636208368915457,0.04611443210930828
2024-02-20,0.11962931760741365,0.13732097725358045,0.07413647851727043,0.08256107834877843,0.08930075821398484,0.16259477674810446,0.02948609941027801,0.038753159224936815,0.030328559393428812,0.02443133951137321,0.015164279696714406,0.016006739679865205,0.006739679865206402,0.02358887952822241,0.019376579612468407,0.030328559393428812,0.02190395956192081,0.037910699241786014,0.040438079191238416
2024-02-21,0.11586901763224182,0.12846347607052896,0.0764063811922754,0.07892527287993283,0.07724601175482787,0.1670864819479429,0.036943744752308987,0.04617968094038623,0.0218303946263644,0.020990764063811923,0.017632241813602016,0.015113350125944584,0.005877413937867338,0.020990764063811923,0.020151133501259445,0.028547439126784216,0.02434928631402183,0.04953820319059614,0.04785894206549118
2024-02-22,0.10953177257525083,0.13294314381270902,0.07274247491638795,0.07357859531772576,0.08779264214046822,0.16722408026755853,0.03177257525083612,0.03595317725752508,0.03260869565217391,0.020903010033444816,0.017558528428093644,0.014214046822742474,0.007525083612040134,0.0225752508361204,0.024247491638795988,0.028428093645484948,0.023411371237458192,0.04431438127090301,0.052675585284280936
2024-02-23,0.11838790931989925,0.12930310663308145,0.0688497061293031,0.08648194794290512,0.08816120906801007,0.16624685138539042,0.030226700251889168,0.04030226700251889,0.02938706968933669,0.020151133501259445,0.012594458438287154,0.019311502938706968,0.0041981528127623844,0.028547439126784216,0.0218303946263644,0.02686817800167926,0.022670025188916875,0.042821158690176324,0.0436607892527288
2024-02-26,0.12154233025984912,0.13327745180217937,0.06621961441743504,0.08633696563285834,0.09388097233864208,0.15926236378876782,0.027661357921207042,0.036881810561609385,0.028499580888516344,0.020117351215423303,0.016764459346186086,0.018440905280804692,0.00586756077116513,0.022632020117351215,0.027661357921207042,0.03352891869237217,0.02179379715004191,0.039396479463537304,0.040234702430846606
2024-02-27,0.12077702702702703,0.12753378378378377,0.06756756756756757,0.08868243243243243,0.08699324324324324,0.16807432432432431,0.030405405405405407,0.03800675675675676,0.02702702702702703,0.019425675675675675,0.017736486486486486,0.015202702702702704,0.005067567567567568,0.019425675675675675,0.019425675675675675,0.028716216216216218,0.02195945945945946,0.057432432432432436,0.04054054054054054
2024-02-28,0.1226890756302521,0.12857142857142856,0.0773109243697479,0.08907563025210084,0.09327731092436975,0.15630252100840336,0.026050420168067228,0.03949579831932773,0.024369747899159664,0.024369747899159664,0.015966386554621848,0.01680672268907563,0.0058823529411764705,0.02100840336134454,0.023529411764705882,0.029411764705882353,0.01680672268907563,0.047058823529411764,0.04201680672268908
2024-02-29,0.1182053494391717,0.1371872303710095,0.07075064710957722,0.07592752372735116,0.09490940465918896,0.16134598792062121,0.029335634167385678,0.04400345125107852,0.028472821397756688,0.02070750647109577,0.012942191544434857,0.01725625539257981,0.006902502157031924,0.028472821397756688,0.022433132010353754,0.026747195858498704,0.01898188093183779,0.04314063848144953,0.04227782571182054
2024-03-01,0.11512605042016806,0.13865546218487396,0.06470588235294118,0.08487394957983194,0.08823529411764706,0.17058823529411765,0.02857142857142857,0.041176470588235294,0.030252100840336135,0.018487394957983194,0.015126050420168067,0.01764705882352941,0.0058823529411764705,0.024369747899159664,0.019327731092436976,0.029411764705882353,0.023529411764705882,0.046218487394957986,0.037815126050420166
2024-03-04,0.11641541038525963,0.12311557788944724,0.0695142378559464,0.08542713567839195,0.09463986599664992,0.17420435510887772,0.02931323283082077,0.036013400335008376,0.018425460636515914,0.01256281407035176,0.01340033500837521,0.01423785594639866,0.005862646566164154,0.02931323283082077,0.024288107202680067,0.024288107202680067,0.023450586264656615,0.059463986599664995,0.046063651591289785
2024-03-05,0.11986588432523052,0.12070410729253982,0.06538139145012574,0.09304274937133278,0.08382229673093043,0.17435037720033528,0.026823134953897737,0.03604358759430008,0.02179379715004191,0.013411567476948869,0.014249790444258172,0.01592623637887678,0.00586756077116513,0.03436714165968147,0.020955574182732608,0.025146689019279127,0.026823134953897737,0.0586756077116513,0.04274937133277452
2024-03-06,0.12164429530201343,0.13087248322147652,0.0587248322147651,0.08221476510067115,0.08892617449664429,0.1593959731543624,0.027684563758389263,0.034395973154362415,0.02348993288590604,0.02181208053691275,0.01174496644295302,0.018456375838926176,0.006711409395973154,0.026006711409395974,0.03607382550335571,0.028523489932885907,0.025167785234899327,0.051174496644295304,0.04697986577181208
2024-03-07,0.12010008340283569,0.12343619683069225,0.06672226855713094,0.09007506255212677,0.09674728940783987,0.1559633027522936,0.02585487906588824,0.03669724770642202,0.019182652210175146,0.02585487906588824,0.019182652210175146,0.012510425354462052,0.004170141784820684,0.027522935779816515,0.02418682235195997,0.02835696413678065,0.027522935779816515,0.05004170141784821,0.045871559633027525
2024-03-08,0.12299915754001685,0.13395113732097724,0.06571187868576242,0.08003369839932603,0.08424599831508003,0.15754001684919966,0.03201347935973041,0.03622577927548441,0.02190395956192081,0.02106149957877001,0.018534119629317607,0.016006739679865205,0.010109519797809604,0.02948609941027801,0.02695871946082561,0.020219039595619208,0.02695871946082561,0.05054759898904802,0.04549283909014322
2024-03-11,0.1289228159457167,0.13910093299406276,0.0729431721798134,0.089058524173028,0.08736217133163698,0.15097540288379982,0.02544529262086514,0.03816793893129771,0.02205258693808312,0.020356234096692113,0.016115351993214587,0.015267175572519083,0.008481764206955046,0.024597116200169637,0.02205258693808312,0.024597116200169637,0.015267175572519083,0.04749787955894826,0.05173876166242578
2024-03-12,0.11848739495798319,0.1361344537815126,0.07142857142857142,0.08823529411764706,0.09411764705882353,0.16974789915966387,0.025210084033613446,0.03277310924369748,0.019327731092436976,0.015126050420168067,0.019327731092436976,0.015966386554621848,0.007563025210084034,0.02857142857142857,0.019327731092436976,0.019327731092436976,0.0226890756302521,0.04957983193277311,0.047058823529411764
2024-03-13,0.12026913372582002,0.12195121951219512,0.07485281749369217,0.08074011774600505,0.08746846089150546,0.16736753574432295,0.031118587047939444,0.030277544154751892,0.020185029436501262,0.018502943650126155,0.01345668629100084,0.018502943650126155,0.008410428931875526,0.03280067283431455,0.02607232968881413,0.022708158116063918,0.024390243902439025,0.05214465937762826,0.04878048780487805
2024-03-14,0.12995780590717299,0.12995780590717299,0.070042194092827,0.09113924050632911,0.08945147679324894,0.16033755274261605,0.024472573839662448,0.03291139240506329,0.02362869198312236,0.016877637130801686,0.016877637130801686,0.018565400843881856,0.006751054852320675,0.031223628691983123,0.021940928270042195,0.02362869198312236,0.02109704641350211,0.04472573839662447,0.046413502109704644
2024-03-15,0.12118713932399011,0.12118713932399011,0.0717230008244023,0.08656224237427865,0.09068425391591096,0.15993404781533388,0.02225886232481451,0.03297609233305853,0.0247320692497939,0.018136850783182192,0.01731244847485573,0.01978565539983512,0.009068425391591096,0.028029678483099753,0.030502885408079144,0.02720527617477329,0.018961253091508656,0.05193734542456719,0.04781533388293487
2024-03-18,0.125,0.1216887417218543,0.07450331125827815,0.08112582781456953,0.08774834437086093,0.16225165562913907,0.024834437086092714,0.03145695364238411,0.01903973509933775,0.0173841059602649,0.02152317880794702,0.013245033112582781,0.013245033112582781,0.0347682119205298,0.024006622516556293,0.02566225165562914,0.024006622516556293,0.052152317880794705,0.046357615894039736
2024-03-19,0.1228813559322034,0.12542372881355932,0.06864406779661017,0.08813559322033898,0.09067796610169492,0.16779661016949152,0.030508474576271188,0.03305084745762712,0.025423728813559324,0.013559322033898305,0.011864406779661017,0.016101694915254237,0.010169491525423728,0.03220338983050847,0.027966101694915254,0.026271186440677965,0.020338983050847456,0.044915254237288135,0.04406779661016949
2024-03-20,0.13036164844407064,0.1295206055508831,0.0782169890664424,0.07905803195962995,0.08662741799831791,0.159798149705635,0.022708158116063918,0.031959629941127,0.020185029436501262,0.0159798149705635,0.017661900756938603,0.018502943650126155,0.010092514718250631,0.027754415475189236,0.01934398654331371,0.031118587047939444,0.020185029436501262,0.054667788057190914,0.04625735912531539
2024-03-21,0.13266162888329136,0.13182199832073888,0.07556675062972293,0.0873215785054576,0.08648194794290512,0.1561712846347607,0.020990764063811923,0.0327455919395466,0.019311502938706968,0.020990764063811923,0.019311502938706968,0.017632241813602016,0.008396305625524769,0.02434928631402183,0.0218303946263644,0.028547439126784216,0.016792611251049538,0.05037783375314862,0.04869857262804366
2024-03-22,0.12334437086092716,0.13079470198675497,0.07698675496688742,0.08940397350993377,0.0869205298013245,0.1672185430463576,0.022350993377483443,0.030629139072847682,0.024834437086092714,0.016556291390728478,0.016556291390728478,0.012417218543046357,0.006622516556291391,0.027317880794701987,0.020695364238410598,0.030629139072847682,0.02566225165562914,0.04470198675496689,0.046357615894039736
2024-03-25,0.11877076411960133,0.12624584717607973,0.08222591362126246,0.08554817275747509,0.08554817275747509,0.1744186046511628,0.02408637873754153,0.0340531561461794,0.02408637873754153,0.014950166112956811,0.019933554817275746,0.015780730897009966,0.008305647840531562,0.024916943521594685,0.019933554817275746,0.02823920265780731,0.020764119601328904,0.0473421926910299,0.044850498338870434
2024-03-26,0.12123745819397994,0.12709030100334448,0.07859531772575251,0.09197324414715718,0.08528428093645485,0.16806020066889632,0.025919732441471572,0.03595317725752508,0.017558528428093644,0.016722408026755852,0.016722408026755852,0.015050167224080268,0.007525083612040134,0.025919732441471572,0.021739130434782608,0.02508361204013378,0.021739130434782608,0.048494983277591976,0.04933110367892977
2024-03-27,0.13204373423044574,0.1295206055508831,0.08242220353238015,0.08915054667788057,0.0815811606391926,0.1614802354920101,0.022708158116063918,0.03616484440706476,0.01682085786375105,0.021867115222876366,0.022708158116063918,0.015138772077375946,0.009251471825063078,0.023549201009251473,0.0159798149705635,0.025231286795626577,0.021026072329688814,0.04625735912531539,0.04709840201850295
2024-03-28,0.1285475792988314,0.1318864774624374,0.07929883138564274,0.08347245409015025,0.08681135225375626,0.1636060100166945,0.03005008347245409,0.03589315525876461,0.015025041736227046,0.017529215358931552,0.01669449081803005,0.014190317195325543,0.009181969949916527,0.027545909849749584,0.01669449081803005,0.0333889816360601,0.019198664440734557,0.04424040066777963,0.04674457429048414
2024-03-29,0.1254180602006689,0.11789297658862877,0.07775919732441472,0.08946488294314381,0.08361204013377926,0.16471571906354515,0.021739130434782608,0.043478260869565216,0.014214046822742474,0.019230769230769232,0.015050167224080268,0.017558528428093644,0.00919732441471572,0.024247491638795988,0.02508361204013378,0.03762541806020067,0.017558528428093644,0.04598662207357859,0.05016722408026756
2024-04-01,0.13213981244671782,0.13128729752770674,0.08439897698209718,0.08610400682011936,0.07502131287297528,0.15515771526001704,0.027280477408354646,0.041773231031543054,0.011082693947144074,0.017050298380221655,0.010230179028132993,0.01619778346121057,0.010230179028132993,0.027280477408354646,0.023870417732310314,0.029838022165387893,0.020460358056265986,0.045183290707587385,0.05541346973572037
2024-04-02,0.12679628064243448,0.13355874894336434,0.08875739644970414,0.08368554522400676,0.08114961961115807,0.158072696534235,0.027895181741335588,0.044801352493660185,0.015215553677092139,0.023668639053254437,0.01098901098901099,0.015215553677092139,0.01014370245139476,0.023668639053254437,0.024513947590870666,0.032121724429416736,0.016060862214708368,0.034657650042265425,0.04902789518174133
2024-04-03,0.12374581939799331,0.12207357859531773,0.08361204013377926,0.08612040133779264,0.08361204013377926,0.16304347826086957,0.03260869565217391,0.03762541806020067,0.016722408026755852,0.020903010033444816,0.014214046822742474,0.015050167224080268,0.005852842809364548,0.026755852842809364,0.020903010033444816,0.03762541806020067,0.023411371237458192,0.038461538461538464,0.047658862876254184
2024-04-08,0.12848689771766694,0.12172442941673711,0.08368554522400676,0.08706677937447169,0.0760777683854607,0.15891800507185122,0.030431107354184278,0.044801352493660185,0.009298393913778529,0.01944209636517329,0.014370245139475908,0.01775147928994083,0.0084530853761623,0.027895181741335588,0.021132713440405747,0.03634826711749789,0.02282333051563821,0.039729501267962805,0.05156382079459002
2024-04-09,0.12489379779099405,0.12574341546304163,0.07731520815632965,0.09260832625318606,0.07986406117247238,0.1631265930331351,0.029736618521665252,0.04078164825828377,0.011045029736618521,0.022939677145284623,0.014443500424808835,0.016992353440951572,0.0076465590484282074,0.0237892948173322,0.01954120645709431,0.029736618521665252,0.0237892948173322,0.038232795242141036,0.05777400169923534
2024-04-10,0.1336675020885547,0.12447786131996658,0.0785296574770259,0.09440267335004177,0.08437761069340016,0.1570593149540518,0.022556390977443608,0.03842940685045948,0.012531328320802004,0.01921470342522974,0.01086048454469507,0.018379281537176273,0.010025062656641603,0.028404344193817876,0.02422723475355054,0.030910609857978277,0.025898078529657476,0.034252297410192145,0.05179615705931495
2024-04-11,0.12195121951219512,0.1261564339781329,0.07737594617325484,0.08830950378469302,0.08242220353238015,0.1581160639192599,0.021026072329688814,0.044575273338940284,0.0159798149705635,0.021867115222876366,0.018502943650126155,0.015138772077375946,0.010092514718250631,0.030277544154751892,0.020185029436501262,0.031959629941127,0.027754415475189236,0.045416316232127836,0.04289318755256518
2024-04-12,0.11774600504625736,0.12867956265769553,0.07737594617325484,0.08999158957106812,0.08074011774600505,0.1665264928511354,0.0159798149705635,0.04289318755256518,0.012615643397813289,0.02691337258200168,0.017661900756938603,0.01682085786375105,0.010933557611438183,0.02691337258200168,0.02607232968881413,0.03532380151387721,0.021026072329688814,0.03532380151387721,0.050462573591253154
2024-04-15,0.11877076411960133,0.12292358803986711,0.07641196013289037,0.07973421926910298,0.07724252491694353,0.16528239202657807,0.018272425249169437,0.049003322259136214,0.013289036544850499,0.022425249169435217,0.018272425249169437,0.014950166112956811,0.01079734219269103,0.03488372093023256,0.027408637873754152,0.029900332225913623,0.018272425249169437,0.053156146179401995,0.049003322259136214
2024-04-16,0.11886949293433084,0.13881961762261014,0.08229426433915212,0.08728179551122195,0.08063175394846218,0.1546134663341646,0.021612635078969242,0.038237738985868665,0.015793848711554447,0.02660016625103907,0.01662510390689942,0.012468827930174564,0.012468827930174564,0.030756442227763924,0.02493765586034913,0.034912718204488775,0.022443890274314215,0.03657522859517872,0.04405652535328346
2024-04-17,0.12373737373737374,0.12878787878787878,0.08080808080808081,0.08585858585858586,0.08333333333333333,0.1531986531986532,0.02441077441077441,0.04461279461279461,0.012626262626262626,0.025252525252525252,0.012626262626262626,0.01430976430976431,0.008417508417508417,0.022727272727272728,0.022727272727272728,0.041245791245791245,0.021885521885521887,0.03872053872053872,0.054713804713804715
2024-04-18,0.11631799163179916,0.12635983263598327,0.07531380753138076,0.0895397489539749,0.08619246861924686,0.1606694560669456,0.018410041841004185,0.04686192468619247,0.014225941422594143,0.027615062761506277,0.010878661087866108,0.01506276150627615,0.012552301255230125,0.027615062761506277,0.029288702928870293,0.032635983263598324,0.0200836820083682,0.03765690376569038,0.052719665271966525
2024-04-19,0.125,0.1275,0.07583333333333334,0.0825,0.09,0.15583333333333332,0.018333333333333333,0.04833333333333333,0.015833333333333335,0.0275,0.011666666666666667,0.01,0.01,0.0275,0.025,0.035,0.023333333333333334,0.03833333333333333,0.0525
2024-04-22,0.11986588432523052,0.13076278290025148,0.08046940486169321,0.08382229673093043,0.08382229673093043,0.16429170159262363,0.020117351215423303,0.04107292539815591,0.013411567476948869,0.025146689019279127,0.009220452640402346,0.015088013411567477,0.009220452640402346,0.019279128248113998,0.02179379715004191,0.04107292539815591,0.02347024308466052,0.04107292539815591,0.05699916177703269
2024-04-23,0.12489522212908634,0.12573344509639564,0.08046940486169321,0.08298407376362113,0.08549874266554904,0.1567476948868399,0.02179379715004191,0.041911148365465216,0.014249790444258172,0.03269069572506287,0.010058675607711651,0.014249790444258172,0.008382229673093043,0.025146689019279127,0.025146689019279127,0.040234702430846606,0.025146689019279127,0.03436714165968147,0.050293378038558254
2024-04-24,0.12984822934232715,0.12563237774030353,0.08094435075885328,0.08768971332209106,0.07672849915682968,0.16188870151770657,0.021922428330522766,0.045531197301854974,0.01517706576728499,0.02951096121416526,0.01011804384485666,0.011804384485666104,0.012647554806070826,0.02782462057335582,0.0193929173693086,0.03372681281618887,0.023608768971332208,0.03962900505902192,0.046374367622259695
2024-04-25,0.12436974789915967,0.13445378151260504,0.09411764705882353,0.08235294117647059,0.07899159663865546,0.16134453781512606,0.02689075630252101,0.03529411764705882,0.014285714285714285,0.030252100840336135,0.009243697478991597,0.009243697478991597,0.012605042016806723,0.025210084033613446,0.021848739495798318,0.03361344537815126,0.025210084033613446,0.03949579831932773,0.041176470588235294
2024-04-26,0.13210702341137123,0.11872909698996656,0.09280936454849498,0.08193979933110368,0.08779264214046822,0.16471571906354515,0.017558528428093644,0.04013377926421405,0.01254180602006689,0.024247491638795988,0.01254180602006689,0.010869565217391304,0.011705685618729096,0.02508361204013378,0.020903010033444816,0.03511705685618729,0.023411371237458192,0.04096989966555184,0.046822742474916385
2024-04-29,0.12956810631229235,0.1212624584717608,0.07641196013289037,0.08222591362126246,0.08222591362126246,0.16279069767441862,0.016611295681063124,0.03820598006644518,0.020764119601328904,0.029069767441860465,0.009966777408637873,0.012458471760797342,0.01079734219269103,0.029069767441860465,0.029069767441860465,0.03820598006644518,0.022425249169435217,0.040697674418604654,0.04817275747508306
2024-04-30,0.12270450751252086,0.12270450751252086,0.08180300500834725,0.08848080133555926,0.08013355592654424,0.18030050083472454,0.019198664440734557,0.03589315525876461,0.01669449081803005,0.02587646076794658,0.012520868113522538,0.011686143572621035,0.014190317195325543,0.03005008347245409,0.020868113522537562,0.03672787979966611,0.024207011686143573,0.03171953255425709,0.04424040066777963
2024-05-06,0.1175,0.11666666666666667,0.08583333333333333,0.08666666666666667,0.08833333333333333,0.16666666666666666,0.02,0.043333333333333335,0.0125,0.023333333333333334,0.0175,0.01,0.013333333333333334,0.03166666666666667,0.025,0.03333333333333333,0.024166666666666666,0.04,0.04416666666666667
2024-05-07,0.11695906432748537,0.11946532999164577,0.08521303258145363,0.08270676691729323,0.08521303258145363,0.1670843776106934,0.022556390977443608,0.04093567251461988,0.014202172096908938,0.02756892230576441,0.01086048454469507,0.00835421888053467,0.01670843776106934,0.03341687552213868,0.02756892230576441,0.02756892230576441,0.02422723475355054,0.042606516290726815,0.04678362573099415
2024-05-08,0.1152228763666947,0.12279226240538267,0.08915054667788057,0.0832632464255677,0.08074011774600505,0.17073170731707318,0.025231286795626577,0.03700588730025231,0.018502943650126155,0.024390243902439025,0.01682085786375105,0.010092514718250631,0.014297729184188394,0.02607232968881413,0.0159798149705635,0.0336417157275021,0.023549201009251473,0.04373423044575273,0.04878048780487805
2024-05-09,0.13010842368640535,0.11926605504587157,0.07422852376980818,0.07589658048373644,0.08090075062552127,0.17180984153461218,0.019182652210175146,0.041701417848206836,0.014178482068390326,0.030859049207673062,0.012510425354462052,0.008340283569641367,0.0158465387823186,0.030025020850708923,0.02335279399499583,0.03836530442035029,0.019182652210175146,0.04670558798999166,0.0475396163469558
2024-05-10,0.12342569269521411,0.11754827875734676,0.08312342569269521,0.07976490344248531,0.07556675062972293,0.17380352644836272,0.020990764063811923,0.042821158690176324,0.018471872376154493,0.02938706968933669,0.0109151973131822,0.007556675062972292,0.012594458438287154,0.02938706968933669,0.026028547439126783,0.037783375314861464,0.022670025188916875,0.04534005037783375,0.042821158690176324
2024-05-13,0.1205020920502092,0.1205020920502092,0.07782426778242678,0.0803347280334728,0.08284518828451883,0.17489539748953975,0.018410041841004185,0.04184100418410042,0.01506276150627615,0.0301255230125523,0.01506276150627615,0.0100418410041841,0.01506276150627615,0.02510460251046025,0.02092050209205021,0.031799163179916316,0.023430962343096235,0.042677824267782424,0.05355648535564853
2024-05-14,0.12063227953410982,0.11896838602329451,0.08652246256239601,0.08652246256239601,0.07820299500831947,0.17554076539101499,0.01913477537437604,0.045757071547420966,0.014143094841930116,0.024958402662229616,0.010815307820299502,0.009983361064891847,0.015806988352745424,0.025790349417637273,0.025790349417637273,0.029950083194675542,0.024126455906821963,0.03993344425956739,0.04742096505823627
2024-05-15,0.12156536219816819,0.115736885928393,0.0890924229808493,0.07243963363863447,0.07243963363863447,0.17901748542880933,0.02497918401332223,0.041631973355537054,0.012489592006661115,0.02997502081598668,0.012489592006661115,0.006661115736885929,0.014154870940882597,0.02497918401332223,0.02414654454621149,0.04079933388842631,0.02331390507910075,0.04329725228975854,0.0507910074937552
2024-05-16,0.1310116086235489,0.11857379767827529,0.08291873963515754,0.08208955223880597,0.07960199004975124,0.1625207296849088,0.022388059701492536,0.03980099502487562,0.014096185737976783,0.026533996683250415,0.011608623548922056,0.01077943615257048,0.014096185737976783,0.026533996683250415,0.02321724709784411,0.03814262023217247,0.024875621890547265,0.04311774461028192,0.04809286898839138
2024-05-17,0.11614497528830313,0.1186161449752883,0.085667215815486,0.09060955518945635,0.07331136738056013,0.17957166392092258,0.02471169686985173,0.04036243822075782,0.01400329489291598,0.023064250411861616,0.01070840197693575,0.009884678747940691,0.01400329489291598,0.028830313014827018,0.0214168039538715,0.03789126853377265,0.022240527182866558,0.042833607907743,0.04612850082372323
2024-05-20,0.12903225806451613,0.12324234904880066,0.08188585607940446,0.08354011579818031,0.076095947063689,0.16459884201819686,0.022332506203473945,0.04052936311000827,0.014061207609594707,0.03391232423490488,0.011579818031430935,0.010752688172043012,0.009925558312655087,0.022332506203473945,0.026468155500413565,0.034739454094292806,0.02315963606286187,0.0413564929693962,0.050454921422663356
2024-05-21,0.1362126245847176,0.12043189368770764,0.07475083056478406,0.0872093023255814,0.07973421926910298,0.1744186046511628,0.01744186046511628,0.04318936877076412,0.009136212624584718,0.029069767441860465,0.012458471760797342,0.007475083056478406,0.009966777408637873,0.027408637873754152,0.01744186046511628,0.0340531561461794,0.023255813953488372,0.04401993355481727,0.05232558139534884
2024-05-22,0.1297071129707113,0.12217573221757322,0.07866108786610879,0.08117154811715481,0.08200836820083682,0.1707112970711297,0.0200836820083682,0.045188284518828455,0.010878661087866108,0.03347280334728033,0.011715481171548118,0.0100418410041841,0.012552301255230125,0.026778242677824266,0.023430962343096235,0.03347280334728033,0.02092050209205021,0.03933054393305439,0.04769874476987448
2024-05-23,0.12458471760797342,0.12458471760797342,0.08222591362126246,0.08222591362126246,0.08388704318936877,0.1719269102990033,0.018272425249169437,0.03986710963455149,0.014950166112956811,0.03488372093023256,0.011627906976744186,0.008305647840531562,0.012458471760797342,0.029069767441860465,0.02408637873754153,0.03488372093023256,0.019933554817275746,0.040697674418604654,0.04152823920265781
2024-05-24,0.13094245204336946,0.12010008340283569,0.07923269391159299,0.0750625521267723,0.08090075062552127,0.16263552960800667,0.01751459549624687,0.0475396163469558,0.016680567139282735,0.03252710592160134,0.010008340283569641,0.009174311926605505,0.010008340283569641,0.02585487906588824,0.027522935779816515,0.040033361134278564,0.02418682235195997,0.041701417848206836,0.04837364470391994
2024-05-27,0.1288445552784705,0.12219451371571072,0.07813798836242726,0.07647547797173733,0.07481296758104738,0.17290108063175394,0.0199501246882793,0.0457190357439734,0.010806317539484621,0.0399002493765586,0.013300083125519535,0.00914380714879468,0.00914380714879468,0.02826267664172901,0.02743142144638404,0.032418952618453865,0.02743142144638404,0.03657522859517872,0.046550290939318374
2024-05-28,0.1270764119601329,0.1212624584717608,0.08056478405315615,0.07724252491694353,0.0755813953488372,0.16362126245847175,0.018272425249169437,0.04152823920265781,0.015780730897009966,0.03571428571428571,0.01079734219269103,0.01079734219269103,0.012458471760797342,0.030730897009966777,0.026578073089700997,0.0340531561461794,0.024916943521594685,0.046511627906976744,0.046511627906976744
2024-05-29,0.12790697674418605,0.12043189368770764,0.07973421926910298,0.07308970099667775,0.08388704318936877,0.16943521594684385,0.018272425249169437,0.04568106312292359,0.015780730897009966,0.0340531561461794,0.009966777408637873,0.008305647840531562,0.011627906976744186,0.02574750830564784,0.02574750830564784,0.03903654485049834,0.02574750830564784,0.04401993355481727,0.04152823920265781
2024-05-30,0.13129644921552436,0.11312964492155243,0.07762180016515277,0.07597027250206441,0.08340214698596202,0.16845582163501238,0.016515276630883566,0.03963666391412056,0.016515276630883566,0.03468208092485549,0.009083402146985962,0.00990916597853014,0.011560693641618497,0.0305532617671346,0.023947151114781174,0.02972749793559042,0.03303055326176713,0.042939719240297276,0.05202312138728324
2024-05-31,0.12841756420878211,0.11847555923777962,0.08533554266777134,0.08036454018227009,0.07539353769676885,0.1632145816072908,0.016570008285004142,0.043910521955260975,0.01988400994200497,0.033140016570008285,0.007456503728251864,0.0115990057995029,0.010770505385252692,0.026512013256006627,0.02568351284175642,0.033140016570008285,0.030654515327257662,0.04225352112676056,0.04722452361226181
2024-06-03,0.1300745650372825,0.1275890637945319,0.08450704225352113,0.07456503728251865,0.0811930405965203,0.1632145816072908,0.018227009113504555,0.04722452361226181,0.020712510356255178,0.028169014084507043,0.012427506213753107,0.009113504556752278,0.012427506213753107,0.02568351284175642,0.029826014913007456,0.030654515327257662,0.026512013256006627,0.03645401822700911,0.041425020712510356
2024-06-04,0.13234077750206782,0.1273779983457403,0.0794044665012407,0.06865177832919768,0.08436724565756824,0.15963606286186932,0.01902398676592225,0.04631927212572374,0.02481389578163772,0.02729528535980149,0.015715467328370553,0.005789909015715467,0.013234077750206782,0.018196856906534328,0.02729528535980149,0.03391232423490488,0.01902398676592225,0.04466501240694789,0.05293631100082713
2024-06-05,0.13166666666666665,0.11583333333333333,0.0725,0.07166666666666667,0.08166666666666667,0.17333333333333334,0.015,0.05,0.020833333333333332,0.034166666666666665,0.013333333333333334,0.01,0.009166666666666667,0.02,0.029166666666666667,0.03833333333333333,0.023333333333333334,0.04083333333333333,0.049166666666666664
2024-06-06,0.12385702410640066,0.11554447215295095,0.08146300914380715,0.07065669160432253,0.0798004987531172,0.1862011637572735,0.015793848711554447,0.046550290939318374,0.019118869492934332,0.03158769742310889,0.012468827930174564,0.00831255195344971,0.014131338320864505,0.025768911055694097,0.025768911055694097,0.03574397339983375,0.0199501246882793,0.04239401496259352,0.04488778054862843
2024-06-07,0.13798836242726517,0.1230257689110557,0.0773067331670823,0.07647547797173733,0.08229426433915212,0.16541978387364922,0.01828761429758936,0.04405652535328346,0.02660016625103907,0.030756442227763924,0.011637572734829594,0.00914380714879468,0.00997506234413965,0.022443890274314215,0.03325020781379884,0.034912718204488775,0.0199501246882793,0.03740648379052369,0.03906899418121363
2024-06-11,0.1346153846153846,0.12040133779264214,0.07859531772575251,0.06856187290969899,0.07692307692307693,0.17725752508361203,0.020066889632107024,0.047658862876254184,0.0225752508361204,0.030100334448160536,0.010033444816053512,0.011705685618729096,0.013377926421404682,0.023411371237458192,0.028428093645484948,0.029264214046822744,0.019230769230769232,0.04431438127090301,0.043478260869565216
2024-06-12,0.11946532999164577,0.11862990810359231,0.07268170426065163,0.07769423558897243,0.07685881370091896,0.18629908103592313,0.022556390977443608,0.04594820384294068,0.020885547201336674,0.031746031746031744,0.011695906432748537,0.012531328320802004,0.00835421888053467,0.015873015873015872,0.026733500417710943,0.03926482873851295,0.02422723475355054,0.04177109440267335,0.04678362573099415
2024-06-13,0.1335559265442404,0.11853088480801335,0.07762938230383973,0.07011686143572621,0.08263772954924875,0.17946577629382304,0.022537562604340568,0.04674457429048414,0.021702838063439065,0.025041736227045076,0.012520868113522538,0.007512520868113523,0.01669449081803005,0.019198664440734557,0.02337228714524207,0.03672787979966611,0.02003338898163606,0.03923205342237062,0.04674457429048414
2024-06-14,0.14104729729729729,0.12077702702702703,0.07263513513513513,0.07601351351351351,0.07179054054054054,0.17314189189189189,0.024493243243243243,0.048986486486486486,0.013513513513513514,0.02533783783783784,0.014358108108108109,0.01097972972972973,0.015202702702702704,0.021114864864864864,0.02364864864864865,0.04054054054054054,0.021114864864864864,0.04054054054054054,0.044763513513513514
2024-06-17,0.132890365448505,0.11710963455149502,0.07890365448504984,0.07475083056478406,0.08222591362126246,0.16777408637873753,0.026578073089700997,0.050664451827242524,0.01910299003322259,0.027408637873754152,0.009136212624584718,0.009966777408637873,0.014119601328903655,0.020764119601328904,0.024916943521594685,0.03820598006644518,0.019933554817275746,0.036544850498338874,0.049003322259136214
2024-06-18,0.125,0.12083333333333333,0.075,0.07666666666666666,0.07916666666666666,0.17416666666666666,0.020833333333333332,0.0525,0.0175,0.0275,0.008333333333333333,0.010833333333333334,0.01,0.018333333333333333,0.034166666666666665,0.035833333333333335,0.02,0.04,0.05333333333333334
2024-06-19,0.13538205980066445,0.11295681063122924,0.0739202657807309,0.07308970099667775,0.07890365448504984,0.1744186046511628,0.02159468438538206,0.05232558139534884,0.015780730897009966,0.026578073089700997,0.01079734219269103,0.012458471760797342,0.01079734219269103,0.020764119601328904,0.023255813953488372,0.03986710963455149,0.022425249169435217,0.040697674418604654,0.05398671096345515
2024-06-20,0.13416666666666666,0.12333333333333334,0.07833333333333334,0.07916666666666666,0.07916666666666666,0.16166666666666665,0.020833333333333332,0.0575,0.018333333333333333,0.023333333333333334,0.01,0.010833333333333334,0.01,0.0225,0.025833333333333333,0.035,0.02,0.04,0.05
2024-06-21,0.12992455993294216,0.1165129924559933,0.07795473595976529,0.07376362112321877,0.08382229673093043,0.16932103939647947,0.020117351215423303,0.05280804694048617,0.012573344509639563,0.03269069572506287,0.01173512154233026,0.010058675607711651,0.015088013411567477,0.024308466051969825,0.02179379715004191,0.03436714165968147,0.020117351215423303,0.04358759430008382,0.04945515507124895
2024-06-24,0.13905079100749376,0.115736885928393,0.08742714404662781,0.07993338884263114,0.08492922564529559,0.16652789342214822,0.02331390507910075,0.04829308909242298,0.017485428809325562,0.03164029975020816,0.011656952539550375,0.010824313072439634,0.009991673605328892,0.02414654454621149,0.02164862614487927,0.034970857618651124,0.01582014987510408,0.03913405495420483,0.03746877601998335
2024-06-25,0.12844036697247707,0.12844036697247707,0.0817347789824854,0.07339449541284404,0.08507089241034195,0.16263552960800667,0.020850708924103418,0.05087572977481234,0.01751459549624687,0.03419516263552961,0.010008340283569641,0.010842368640533779,0.0158465387823186,0.021684737281067557,0.021684737281067557,0.040033361134278564,0.0158465387823186,0.03919933277731443,0.041701417848206836
2024-06-26,0.1261487050960735,0.1261487050960735,0.0835421888053467,0.0810359231411863,0.0860484544695071,0.15622389306599832,0.017543859649122806,0.05179615705931495,0.01921470342522974,0.03007518796992481,0.00835421888053467,0.011695906432748537,0.015037593984962405,0.026733500417710943,0.020885547201336674,0.042606516290726815,0.02172096908939014,0.03341687552213868,0.04177109440267335
2024-06-27,0.12148760330578512,0.1231404958677686,0.08099173553719008,0.07272727272727272,0.08016528925619834,0.17355371900826447,0.019834710743801654,0.05371900826446281,0.019834710743801654,0.03140495867768595,0.00909090909090909,0.005785123966942148,0.01818181818181818,0.02231404958677686,0.02066115702479339,0.03884297520661157,0.026446280991735537,0.03553719008264463,0.04628099173553719
2024-06-28,0.12003311258278146,0.11258278145695365,0.08609271523178808,0.07864238410596026,0.0802980132450331,0.15894039735099338,0.0173841059602649,0.054635761589403975,0.022350993377483443,0.03145695364238411,0.009105960264900662,0.01076158940397351,0.0173841059602649,0.020695364238410598,0.02566225165562914,0.042218543046357616,0.024006622516556293,0.03890728476821192,0.048841059602649006
2024-07-01,0.12778235779060182,0.11541632316570487,0.0741962077493817,0.07996702390766694,0.08408903544929926,0.16323165704863973,0.021434460016488046,0.048639736191261336,0.021434460016488046,0.028854080791426217,0.009068425391591096,0.010717230008244023,0.01483924154987634,0.023083264633140973,0.026380873866446827,0.03544929925803792,0.026380873866446827,0.03957131079967024,0.0494641384995878
2024-07-02,0.12354892205638475,0.11691542288557213,0.07462686567164178,0.07711442786069651,0.08706467661691543,0.15920398009950248,0.020729684908789386,0.04809286898839138,0.028192371475953566,0.04228855721393035,0.004975124378109453,0.01077943615257048,0.01824212271973466,0.022388059701492536,0.019071310116086235,0.03565505804311774,0.026533996683250415,0.03980099502487562,0.04477611940298507
2024-07-03,0.12773109243697478,0.11596638655462185,0.06974789915966387,0.08571428571428572,0.08823529411764706,0.15798319327731092,0.02100840336134454,0.04453781512605042,0.024369747899159664,0.04285714285714286,0.0058823529411764705,0.008403361344537815,0.010924369747899159,0.020168067226890758,0.025210084033613446,0.034453781512605045,0.025210084033613446,0.04789915966386555,0.043697478991596636
2024-07-04,0.12023217247097844,0.12354892205638475,0.06716417910447761,0.08955223880597014,0.08208955223880597,0.1625207296849088,0.01658374792703151,0.05306799336650083,0.02404643449419569,0.03316749585406302,0.005804311774461028,0.01077943615257048,0.014096185737976783,0.022388059701492536,0.026533996683250415,0.03482587064676617,0.02570480928689884,0.04809286898839138,0.03980099502487562
2024-07-05,0.12531328320802004,0.1111111111111111,0.06766917293233082,0.0860484544695071,0.09273182957393483,0.16624895572263992,0.020050125313283207,0.04845446950710108,0.02506265664160401,0.031746031746031744,0.005847953216374269,0.011695906432748537,0.01670843776106934,0.01670843776106934,0.026733500417710943,0.026733500417710943,0.029239766081871343,0.05012531328320802,0.04177109440267335
2024-07-08,0.12324234904880066,0.11248966087675766,0.07278742762613731,0.08105872622001654,0.09015715467328371,0.1588089330024814,0.016542597187758478,0.04962779156327544,0.02564102564102564,0.02977667493796526,0.004962779156327543,0.014061207609594707,0.010752688172043012,0.02315963606286187,0.02977667493796526,0.03887510339123242,0.030603804797353185,0.043837882547559964,0.043837882547559964
2024-07-09,0.12956810631229235,0.11461794019933555,0.0681063122923588,0.07973421926910298,0.0888704318936877,0.16611295681063123,0.020764119601328904,0.04318936877076412,0.03156146179401993,0.03156146179401993,0.005813953488372093,0.011627906976744186,0.012458471760797342,0.014950166112956811,0.03239202657807309,0.0340531561461794,0.029069767441860465,0.03986710963455149,0.04568106312292359
2024-07-10,0.12771285475792987,0.10934891485809682,0.07011686143572621,0.08096828046744574,0.09098497495826377,0.166110183639399,0.021702838063439065,0.045075125208681135,0.03171953255425709,0.02671118530884808,0.005008347245409015,0.014190317195325543,0.012520868113522538,0.02003338898163606,0.03589315525876461,0.0333889816360601,0.02921535893155259,0.040901502504173626,0.038397328881469114
2024-07-11,0.13032581453634084,0.11278195488721804,0.06432748538011696,0.07936507936507936,0.0785296574770259,0.1695906432748538,0.020050125313283207,0.040100250626566414,0.02756892230576441,0.03592314118629908,0.003341687552213868,0.015037593984962405,0.014202172096908938,0.020885547201336674,0.03842940685045948,0.036758563074352546,0.03258145363408521,0.040100250626566414,0.040100250626566414
2024-07-12,0.12395309882747069,0.10804020100502512,0.06867671691792294,0.08040201005025126,0.09128978224455611,0.15912897822445563,0.022613065326633167,0.046063651591289785,0.02763819095477387,0.03098827470686767,0.005862646566164154,0.018425460636515914,0.006700167504187605,0.02847571189279732,0.031825795644891124,0.031825795644891124,0.036013400335008376,0.04103852596314908,0.04103852596314908
2024-07-15,0.12521008403361344,0.10840336134453782,0.06470588235294118,0.08151260504201681,0.0949579831932773,0.15546218487394958,0.013445378151260505,0.040336134453781515,0.030252100840336135,0.03529411764705882,0.0058823529411764705,0.014285714285714285,0.011764705882352941,0.019327731092436976,0.031932773109243695,0.04201680672268908,0.04201680672268908,0.03949579831932773,0.043697478991596636
2024-07-16,0.12197159565580618,0.10275689223057644,0.059314954051796154,0.0810359231411863,0.0835421888053467,0.1670843776106934,0.01921470342522974,0.050960735171261484,0.026733500417710943,0.03592314118629908,0.006683375104427736,0.015873015873015872,0.010025062656641603,0.02756892230576441,0.03926482873851295,0.02756892230576441,0.03759398496240601,0.04427736006683375,0.042606516290726815
2024-07-17,0.12093411175979983,0.09591326105087573,0.07005838198498748,0.08590492076730609,0.0884070058381985,0.15846538782318598,0.0158465387823186,0.04837364470391994,0.02418682235195997,0.03836530442035029,0.004170141784820684,0.02335279399499583,0.007506255212677231,0.030025020850708923,0.03836530442035029,0.03586321934945788,0.0316930775646372,0.03669724770642202,0.045871559633027525
2024-07-18,0.12093411175979983,0.10508757297748124,0.06672226855713094,0.09257714762301918,0.07839866555462886,0.15095913261050875,0.021684737281067557,0.05504587155963303,0.021684737281067557,0.030025020850708923,0.011676396997497914,0.016680567139282735,0.007506255212677231,0.020850708924103418,0.041701417848206836,0.041701417848206836,0.03336113427856547,0.045871559633027525,0.03753127606338615
2024-07-19,0.12458471760797342,0.10299003322259136,0.06478405315614617,0.0872093023255814,0.08388704318936877,0.17524916943521596,0.019933554817275746,0.04568106312292359,0.026578073089700997,0.03571428571428571,0.009136212624584718,0.011627906976744186,0.0049833887043189366,0.02159468438538206,0.030730897009966777,0.027408637873754152,0.03239202657807309,0.04401993355481727,0.05149501661129568
2024-07-22,0.13327814569536423,0.09850993377483444,0.06456953642384106,0.0935430463576159,0.08609271523178808,0.15811258278145696,0.0173841059602649,0.04718543046357616,0.020695364238410598,0.03890728476821192,0.009105960264900662,0.009933774834437087,0.009933774834437087,0.033112582781456956,0.026490066225165563,0.03642384105960265,0.029801324503311258,0.04470198675496689,0.042218543046357616
2024-07-23,0.12342569269521411,0.11083123425692695,0.0688497061293031,0.0948782535684299,0.08396305625524769,0.15533165407220823,0.019311502938706968,0.04534005037783375,0.020151133501259445,0.036943744752308987,0.005877413937867338,0.012594458438287154,0.005877413937867338,0.030226700251889168,0.026028547439126783,0.036943744752308987,0.033585222502099076,0.04617968094038623,0.0436607892527288
2024-07-24,0.12510425354462051,0.1134278565471226,0.06839032527105922,0.10091743119266056,0.07756463719766472,0.15846538782318598,0.022518765638031693,0.043369474562135114,0.01834862385321101,0.03753127606338615,0.009174311926605505,0.010842368640533779,0.003336113427856547,0.030859049207673062,0.026688907422852376,0.0408673894912427,0.03336113427856547,0.040033361134278564,0.03919933277731443
2024-07-25,0.12020033388981637,0.11101836393989983,0.0676126878130217,0.08848080133555926,0.08347245409015025,0.164440734557596,0.028380634390651086,0.04340567612687813,0.017529215358931552,0.0325542570951586,0.010851419031719533,0.014190317195325543,0.005843071786310518,0.0333889816360601,0.017529215358931552,0.040901502504173626,0.0333889816360601,0.049248747913188645,0.037562604340567615
2024-07-26,0.1135407905803196,0.1152228763666947,0.06812447434819176,0.09503784693019345,0.08074011774600505,0.16736753574432295,0.021026072329688814,0.04121110176619008,0.022708158116063918,0.02943650126156434,0.009251471825063078,0.011774600504625737,0.00672834314550042,0.02943650126156434,0.024390243902439025,0.04205214465937763,0.03784693019343986,0.045416316232127836,0.03868797308662742
2024-07-29,0.12205387205387205,0.11784511784511785,0.0723905723905724,0.09764309764309764,0.0765993265993266,0.15235690235690236,0.021043771043771045,0.041245791245791245,0.017676767676767676,0.037037037037037035,0.011784511784511785,0.006734006734006734,0.010101010101010102,0.029461279461279462,0.022727272727272728,0.034511784511784514,0.0361952861952862,0.050505050505050504,0.04208754208754209
2024-07-30,0.12305168170631665,0.11812961443806398,0.07383100902378999,0.09433962264150944,0.07793273174733388,0.15504511894995898,0.022149302707136997,0.043478260869565216,0.01804757998359311,0.03691550451189499,0.008203445447087777,0.01066447908121411,0.006562756357670222,0.029532403609515995,0.026251025430680888,0.02871205906480722,0.04101722723543889,0.0475799835931091,0.03855619360131255
2024-07-31,0.12706270627062707,0.11138613861386139,0.07260726072607261,0.09488448844884488,0.07425742574257425,0.1617161716171617,0.02392739273927393,0.040429042904290426,0.020627062706270627,0.03712871287128713,0.007425742574257425,0.009900990099009901,0.007425742574257425,0.036303630363036306,0.0231023102310231,0.03547854785478548,0.03547854785478548,0.0429042904290429,0.037953795379537955
2024-08-01,0.11882845188284519,0.11548117154811716,0.06778242677824267,0.08368200836820083,0.08284518828451883,0.16903765690376568,0.023430962343096235,0.04351464435146443,0.015899581589958158,0.03598326359832636,0.009205020920502092,0.014225941422594143,0.010878661087866108,0.022594142259414227,0.022594142259414227,0.038493723849372385,0.03598326359832636,0.04686192468619247,0.042677824267782424
2024-08-02,0.11953833470733718,0.10717230008244023,0.08161582852431987,0.09563066776586975,0.07914262159934048,0.1640560593569662,0.023907666941467436,0.04286892003297609,0.015663643858202802,0.038746908491343775,0.00494641384995878,0.00741962077493817,0.009068425391591096,0.023907666941467436,0.0247320692497939,0.03544929925803792,0.03544929925803792,0.05028854080791426,0.0403957131079967
2024-08-05,0.12178956089478045,0.115990057995029,0.07456503728251865,0.08699254349627175,0.07705053852526926,0.164043082021541,0.021541010770505385,0.043910521955260975,0.0231980115990058,0.03396851698425849,0.006628003314001657,0.009113504556752278,0.014084507042253521,0.02899751449875725,0.029826014913007456,0.029826014913007456,0.033140016570008285,0.04225352112676056,0.04308202154101077
2024-08-06,0.12176814011676397,0.10925771476230192,0.0817347789824854,0.08924103419516263,0.08340283569641367,0.1609674728940784,0.029190992493744787,0.043369474562135114,0.022518765638031693,0.0475396163469558,0.0025020850708924102,0.009174311926605505,0.011676396997497914,0.020850708924103418,0.022518765638031693,0.02835696413678065,0.03336113427856547,0.0408673894912427,0.041701417848206836
2024-08-07,0.1302170283806344,0.11686143572621036,0.07512520868113523,0.09432387312186978,0.08430717863105175,0.15191986644407346,0.025041736227045076,0.038397328881469114,0.019198664440734557,0.049248747913188645,0.005843071786310518,0.010851419031719533,0.01335559265442404,0.024207011686143573,0.022537562604340568,0.03171953255425709,0.034223706176961605,0.03589315525876461,0.03672787979966611
2024-08-08,0.12217573221757322,0.11129707112970712,0.06610878661087866,0.09623430962343096,0.0803347280334728,0.15648535564853555,0.02594142259414226,0.04184100418410042,0.02092050209205021,0.0502092050209205,0.0066945606694560665,0.012552301255230125,0.01506276150627615,0.02510460251046025,0.02594142259414226,0.029288702928870293,0.035146443514644354,0.042677824267782424,0.03598326359832636
2024-08-09,0.12096106048053024,0.11184755592377796,0.08285004142502071,0.08864954432477216,0.07787903893951947,0.16487158243579123,0.024026512013256007,0.03976801988400994,0.0231980115990058,0.03976801988400994,0.008285004142502071,0.0115990057995029,0.010770505385252692,0.018227009113504555,0.024855012427506214,0.0347970173985087,0.03396851698425849,0.045567522783761395,0.03811101905550953
2024-08-12,0.11666666666666667,0.11166666666666666,0.06666666666666667,0.09166666666666666,0.08333333333333333,0.17166666666666666,0.0275,0.04416666666666667,0.025833333333333333,0.035833333333333335,0.009166666666666667,0.015,0.015833333333333335,0.02666666666666667,0.021666666666666667,0.029166666666666667,0.035833333333333335,0.035,0.03666666666666667
2024-08-13,0.1172069825436409,0.11886949293433084,0.06650041562759768,0.09559434746467166,0.08229426433915212,0.16209476309226933,0.020781379883624274,0.03906899418121363,0.0199501246882793,0.04738154613466334,0.00997506234413965,0.015793848711554447,0.014962593516209476,0.02493765586034913,0.020781379883624274,0.032418952618453865,0.03325020781379884,0.03740648379052369,0.040731504571903575
2024-08-14,0.12417218543046357,0.10927152317880795,0.0695364238410596,0.09271523178807947,0.08526490066225166,0.16804635761589404,0.024006622516556293,0.039735099337748346,0.026490066225165563,0.042218543046357616,0.009105960264900662,0.01076158940397351,0.015728476821192054,0.022350993377483443,0.020695364238410598,0.033112582781456956,0.0347682119205298,0.03559602649006623,0.03642384105960265
2024-08-15,0.11857379767827529,0.12603648424543948,0.07379767827529021,0.09369817578772803,0.0845771144278607,0.15671641791044777,0.02404643449419569,0.04228855721393035,0.020729684908789386,0.03648424543946932,0.009950248756218905,0.012437810945273632,0.011608623548922056,0.02736318407960199,0.02321724709784411,0.03399668325041459,0.03316749585406302,0.03316749585406302,0.03814262023217247
2024-08-16,0.1245819397993311,0.11789297658862877,0.07692307692307693,0.09364548494983277,0.08612040133779264,0.15802675585284282,0.020066889632107024,0.042642140468227424,0.024247491638795988,0.03177257525083612,0.00919732441471572,0.01839464882943144,0.01254180602006689,0.0225752508361204,0.0225752508361204,0.033444816053511704,0.03762541806020067,0.038461538461538464,0.029264214046822744
2024-08-19,0.12375415282392027,0.11212624584717608,0.0755813953488372,0.09385382059800665,0.08056478405315615,0.1669435215946844,0.02408637873754153,0.03737541528239203,0.023255813953488372,0.03156146179401993,0.007475083056478406,0.013289036544850499,0.016611295681063124,0.02408637873754153,0.019933554817275746,0.030730897009966777,0.03488372093023256,0.04318936877076412,0.040697674418604654
2024-08-20,0.1251035625517813,0.11847555923777962,0.07125103562551781,0.10024855012427507,0.08036454018227009,0.1623860811930406,0.028169014084507043,0.04059652029826015,0.024026512013256007,0.030654515327257662,0.009942004971002486,0.012427506213753107,0.016570008285004142,0.02568351284175642,0.018227009113504555,0.02899751449875725,0.028169014084507043,0.037282518641259324,0.041425020712510356
2024-08-21,0.11940298507462686,0.11028192371475953,0.06882255389718077,0.09286898839137644,0.08872305140961857,0.1625207296849088,0.02155887230514096,0.04477611940298507,0.02404643449419569,0.03731343283582089,0.01077943615257048,0.014925373134328358,0.011608623548922056,0.028192371475953566,0.019071310116086235,0.03150912106135987,0.03150912106135987,0.0406301824212272,0.04145936981757877
2024-08-22,0.1212624584717608,0.11461794019933555,0.07225913621262459,0.09551495016611296,0.08305647840531562,0.1511627906976744,0.020764119601328904,0.044850498338870434,0.02574750830564784,0.02823920265780731,0.013289036544850499,0.01079734219269103,0.015780730897009966,0.02408637873754153,0.020764119601328904,0.03488372093023256,0.03156146179401993,0.04817275747508306,0.04318936877076412
2024-08-23,0.12209302325581395,0.10714285714285714,0.07807308970099668,0.0946843853820598,0.08056478405315615,0.1569767441860465,0.02159468438538206,0.03737541528239203,0.023255813953488372,0.03571428571428571,0.008305647840531562,0.014119601328903655,0.014119601328903655,0.02823920265780731,0.02159468438538206,0.036544850498338874,0.03820598006644518,0.03820598006644518,0.04318936877076412
2024-08-26,0.11798679867986799,0.11221122112211221,0.08168316831683169,0.0891089108910891,0.07755775577557755,0.15759075907590758,0.02145214521452145,0.04207920792079208,0.026402640264026403,0.037953795379537955,0.007425742574257425,0.013201320132013201,0.01485148514851485,0.024752475247524754,0.0165016501650165,0.03547854785478548,0.034653465346534656,0.04537953795379538,0.04372937293729373
2024-08-27,0.11847555923777962,0.10190555095277548,0.07622203811101906,0.0936205468102734,0.07953603976801989,0.16735708367854185,0.024026512013256007,0.03976801988400994,0.024855012427506214,0.03976801988400994,0.006628003314001657,0.01739850869925435,0.01739850869925435,0.027340513670256836,0.026512013256006627,0.0347970173985087,0.030654515327257662,0.03231151615575808,0.041425020712510356
2024-08-28,0.1282051282051282,0.10918114143920596,0.08023159636062861,0.08850289495450786,0.076095947063689,0.152191894127378,0.01902398676592225,0.03722084367245657,0.028949545078577336,0.036393713813068655,0.0024813895781637717,0.01488833746898263,0.01488833746898263,0.03143093465674111,0.019851116625310174,0.033085194375516956,0.03391232423490488,0.04631927212572374,0.04714640198511166
2024-08-29,0.13122923588039867,0.11794019933554817,0.08222591362126246,0.0888704318936877,0.0755813953488372,0.1536544850498339,0.020764119601328904,0.04235880398671096,0.026578073089700997,0.03488372093023256,0.004152823920265781,0.011627906976744186,0.011627906976744186,0.030730897009966777,0.018272425249169437,0.02823920265780731,0.0340531561461794,0.05149501661129568,0.03571428571428571
2024-08-30,0.12530712530712532,0.11384111384111384,0.07534807534807535,0.08435708435708436,0.07452907452907453,0.1506961506961507,0.02293202293202293,0.043407043407043405,0.02620802620802621,0.03767403767403767,0.009828009828009828,0.013923013923013924,0.015561015561015561,0.03521703521703522,0.02375102375102375,0.03276003276003276,0.031122031122031123,0.04586404586404586,0.03767403767403767
2024-09-02,0.13175122749590834,0.11620294599018004,0.07037643207855974,0.09492635024549918,0.07692307692307693,0.15875613747954173,0.023731587561374796,0.044189852700491,0.024549918166939442,0.04337152209492635,0.004909983633387889,0.01309328968903437,0.010638297872340425,0.028641571194762683,0.02536824877250409,0.027823240589198037,0.027004909983633387,0.041734860883797055,0.03600654664484452
2024-09-03,0.12406328059950042,0.11490424646128226,0.07993338884263114,0.09408825978351373,0.07243963363863447,0.1582014987510408,0.017485428809325562,0.04746044962531224,0.018318068276436304,0.03663613655287261,0.00832639467110741,0.01498751040799334,0.011656952539550375,0.027477102414654453,0.02497918401332223,0.026644462947543714,0.03330557868442964,0.044962531223980015,0.04412989175686927
2024-09-04,0.12760633861551293,0.12260216847372811,0.0817347789824854,0.08924103419516263,0.0725604670558799,0.16013344453711426,0.020850708924103418,0.05004170141784821,0.01751459549624687,0.03919933277731443,0.006672226855713094,0.010842368640533779,0.016680567139282735,0.030025020850708923,0.02418682235195997,0.027522935779816515,0.029190992493744787,0.03502919099249374,0.03836530442035029
2024-09-05,0.12362404741744284,0.12531752751905165,0.08128704487722269,0.09398814563928874,0.07874682472480948,0.15410668924640136,0.027095681625740897,0.04149026248941575,0.02201524132091448,0.03302286198137172,0.005080440304826418,0.01100762066045724,0.012701100762066046,0.024555461473327687,0.027095681625740897,0.03217612193056731,0.03048264182895851,0.03810330228619814,0.03810330228619814
2024-09-06,0.14130434782608695,0.12290969899665552,0.07357859531772576,0.08779264214046822,0.07608695652173914,0.1479933110367893,0.021739130434782608,0.046822742474916385,0.019230769230769232,0.04180602006688963,0.0016722408026755853,0.005852842809364548,0.017558528428093644,0.025919732441471572,0.024247491638795988,0.03177257525083612,0.03177257525083612,0.04180602006688963,0.04013377926421405
2024-09-09,0.13311148086522462,0.12063227953410982,0.0723793677204659,0.09068219633943428,0.08319467554076539,0.15973377703826955,0.02329450915141431,0.045757071547420966,0.021630615640599003,0.036605657237936774,0.0066555740432612314,0.012479201331114808,0.014975041597337771,0.019966722129783693,0.021630615640599003,0.029950083194675542,0.03577371048252912,0.03577371048252912,0.03577371048252912
2024-09-10,0.13450292397660818,0.12280701754385964,0.07518796992481203,0.0935672514619883,0.08020050125313283,0.1545530492898914,0.02172096908939014,0.04845446950710108,0.018379281537176273,0.034252297410192145,0.005847953216374269,0.01086048454469507,0.011695906432748537,0.028404344193817876,0.018379281537176273,0.034252297410192145,0.030910609857978277,0.045112781954887216,0.030910609857978277
2024-09-11,0.12530712530712532,0.1122031122031122,0.07452907452907453,0.09172809172809172,0.08108108108108109,0.14823914823914824,0.02293202293202293,0.0475020475020475,0.025389025389025387,0.03357903357903358,0.006552006552006552,0.014742014742014743,0.0171990171990172,0.030303030303030304,0.018018018018018018,0.03357903357903358,0.036855036855036855,0.03931203931203931,0.04095004095004095
2024-09-12,0.13149078726968175,0.11725293132328309,0.0829145728643216,0.09296482412060302,0.076214405360134,0.1490787269681742,0.02512562814070352,0.048576214405360134,0.020938023450586266,0.032663316582914576,0.006700167504187605,0.010050251256281407,0.01507537688442211,0.03350083752093802,0.020938023450586266,0.02680067001675042,0.03350083752093802,0.03768844221105527,0.038525963149078725
2024-09-13,0.12531328320802004,0.11194653299916457,0.08771929824561403,0.09440267335004177,0.08521303258145363,0.1545530492898914,0.02172096908939014,0.042606516290726815,0.02172096908939014,0.03592314118629908,0.006683375104427736,0.00835421888053467,0.01670843776106934,0.026733500417710943,0.02422723475355054,0.030910609857978277,0.03508771929824561,0.040100250626566414,0.03007518796992481
2024-09-18,0.13443983402489626,0.11950207468879669,0.07800829875518672,0.08547717842323652,0.08547717842323652,0.14688796680497926,0.022406639004149378,0.04564315352697095,0.021576763485477178,0.036514522821576766,0.006639004149377593,0.011618257261410789,0.013278008298755186,0.023236514522821577,0.028215767634854772,0.027385892116182572,0.034854771784232366,0.03900414937759336,0.03983402489626556
2024-09-19,0.132890365448505,0.12624584717607973,0.08305647840531562,0.08637873754152824,0.08056478405315615,0.14700996677740863,0.022425249169435217,0.03903654485049834,0.027408637873754152,0.03488372093023256,0.004152823920265781,0.013289036544850499,0.013289036544850499,0.02408637873754153,0.026578073089700997,0.029900332225913623,0.03571428571428571,0.03820598006644518,0.03488372093023256
2024-09-20,0.1336675020885547,0.12531328320802004,0.08020050125313283,0.0960735171261487,0.07936507936507936,0.15121136173767752,0.01921470342522974,0.04177109440267335,0.028404344193817876,0.03926482873851295,0.002506265664160401,0.011695906432748537,0.01086048454469507,0.022556390977443608,0.015873015873015872,0.026733500417710943,0.03842940685045948,0.040100250626566414,0.036758563074352546
2024-09-23,0.12895174708818635,0.11813643926788686,0.08319467554076539,0.08153078202995008,0.08402662229617304,0.14559068219633944,0.024126455906821963,0.04326123128119801,0.025790349417637273,0.03743760399334443,0.005823627287853577,0.011647254575707155,0.014143094841930116,0.030782029950083195,0.024958402662229616,0.026622296173044926,0.03494176372712146,0.04076539101497504,0.03826955074875208
2024-09-24,0.11764705882352941,0.11019055509527755,0.07870753935376967,0.08782104391052195,0.08285004142502071,0.15327257663628832,0.02236951118475559,0.043910521955260975,0.0231980115990058,0.03645401822700911,0.004971002485501243,0.015741507870753936,0.018227009113504555,0.026512013256006627,0.03231151615575808,0.033140016570008285,0.033140016570008285,0.04308202154101077,0.03645401822700911
2024-09-25,0.11529026982829109,0.11856091578086672,0.07522485690923958,0.09239574816026165,0.08994276369582993,0.15290269828291086,0.019623875715453803,0.041700735895339326,0.02125919869174162,0.033524121013900246,0.007358953393295176,0.013082583810302535,0.017170891251022075,0.02698282910874898,0.022894521668029435,0.032706459525756335,0.032706459525756335,0.044971381847914965,0.041700735895339326
2024-09-26,0.11620294599018004,0.11865793780687398,0.08919803600654665,0.08756137479541735,0.07610474631751228,0.15220949263502456,0.029459901800327332,0.045008183306055646,0.02127659574468085,0.03436988543371522,0.012274959083469721,0.01309328968903437,0.015548281505728314,0.02536824877250409,0.02536824877250409,0.03436988543371522,0.028641571194762683,0.038461538461538464,0.036824877250409165
2024-09-27,0.1276595744680851,0.10965630114566285,0.08265139116202946,0.09492635024549918,0.08346972176759411,0.15548281505728315,0.02618657937806874,0.038461538461538464,0.019639934533551555,0.03355155482815057,0.004909983633387889,0.012274959083469721,0.015548281505728314,0.024549918166939442,0.018821603927986905,0.036824877250409165,0.03764320785597381,0.0425531914893617,0.03518821603927987
2024-09-30,0.13079470198675497,0.11754966887417219,0.08609271523178808,0.09519867549668874,0.07864238410596026,0.15397350993377484,0.016556291390728478,0.043874172185430466,0.018211920529801324,0.03642384105960265,0.009105960264900662,0.01076158940397351,0.013245033112582781,0.029801324503311258,0.024834437086092714,0.024834437086092714,0.03559602649006623,0.04552980132450331,0.028973509933774833
2024-10-08,0.12344656172328086,0.10853355426677713,0.0811930405965203,0.0927920463960232,0.07705053852526926,0.15990057995028997,0.018227009113504555,0.03976801988400994,0.021541010770505385,0.037282518641259324,0.009942004971002486,0.013256006628003313,0.012427506213753107,0.02236951118475559,0.03148301574150787,0.030654515327257662,0.04473902236951118,0.03976801988400994,0.035625517812758904
2024-10-09,0.11970074812967581,0.10390689941812137,0.07813798836242726,0.09559434746467166,0.0831255195344971,0.1629260182876143,0.021612635078969242,0.03906899418121363,0.01828761429758936,0.03325020781379884,0.012468827930174564,0.011637572734829594,0.014962593516209476,0.032418952618453865,0.022443890274314215,0.03325020781379884,0.04738154613466334,0.03740648379052369,0.032418952618453865
2024-10-10,0.1180842279108175,0.1106523534269199,0.08340214698596202,0.09496284062758051,0.08587943848059455,0.1568951279933939,0.01981833195706028,0.037159372419488024,0.01981833195706028,0.03468208092485549,0.007431874483897605,0.010734929810074319,0.01486374896779521,0.026424442609413706,0.023121387283236993,0.03963666391412056,0.04128819157720892,0.04128819157720892,0.033856317093311314
2024-10-11,0.12346688470973018,0.1054783319705642,0.08094848732624693,0.0866721177432543,0.08013082583810302,0.1635322976287817,0.019623875715453803,0.03679476696647588,0.022076860179885527,0.03679476696647588,0.006541291905151268,0.012264922322158627,0.013082583810302535,0.024529844644317254,0.02698282910874898,0.03761242845461979,0.04088307440719542,0.044971381847914965,0.03761242845461979
2024-10-14,0.1147811725846408,0.10652353426919901,0.08670520231213873,0.08835672997522709,0.08257638315441784,0.17010734929810073,0.021469859620148638,0.03633360858794385,0.021469859620148638,0.03137902559867878,0.007431874483897605,0.007431874483897605,0.017341040462427744,0.022295623451692816,0.028075970272502065,0.037985136251032205,0.04128819157720892,0.04376548307184145,0.03468208092485549
2024-10-15,0.12614107883817427,0.11120331950207468,0.09045643153526971,0.08962655601659751,0.07800829875518672,0.16016597510373445,0.014937759336099586,0.03900414937759336,0.023236514522821577,0.03402489626556016,0.005809128630705394,0.00995850622406639,0.017427385892116183,0.017427385892116183,0.023236514522821577,0.03900414937759336,0.04398340248962656,0.03983402489626556,0.036514522821576766
2024-10-16,0.11818181818181818,0.10743801652892562,0.08264462809917356,0.08677685950413223,0.08264462809917356,0.16363636363636364,0.017355371900826446,0.03801652892561983,0.023140495867768594,0.032231404958677684,0.011570247933884297,0.014049586776859505,0.01652892561983471,0.01818181818181818,0.026446280991735537,0.04462809917355372,0.043801652892561986,0.043801652892561986,0.028925619834710745
2024-10-17,0.11204717775905644,0.11204717775905644,0.09519797809604044,0.08761583824768324,0.07750631844987363,0.16175231676495366,0.015164279696714406,0.041280539174389216,0.017691659646166806,0.03622577927548441,0.011794439764111205,0.011794439764111205,0.011794439764111205,0.019376579612468407,0.030328559393428812,0.03622577927548441,0.04296545914069082,0.041280539174389216,0.037910699241786014
2024-10-18,0.11322314049586776,0.10413223140495868,0.0884297520661157,0.08760330578512397,0.07190082644628099,0.1628099173553719,0.017355371900826446,0.04214876033057851,0.02231404958677686,0.03636363636363636,0.014049586776859505,0.01652892561983471,0.011570247933884297,0.0256198347107438,0.02727272727272727,0.04049586776859504,0.04049586776859504,0.04214876033057851,0.03553719008264463
2024-10-21,0.11397670549084858,0.10981697171381032,0.08818635607321132,0.09484193011647254,0.07154742096505824,0.16472545757071547,0.016638935108153077,0.03993344425956739,0.020798668885191347,0.033277870216306155,0.0074875207986688855,0.014143094841930116,0.015806988352745424,0.02745424292845258,0.03161397670549085,0.036605657237936774,0.04076539101497504,0.04159733777038269,0.030782029950083195
2024-10-22,0.11622073578595318,0.10953177257525083,0.08695652173913043,0.09280936454849498,0.08193979933110368,0.16304347826086957,0.01588628762541806,0.03511705685618729,0.020903010033444816,0.03511705685618729,0.00919732441471572,0.01588628762541806,0.014214046822742474,0.026755852842809364,0.023411371237458192,0.042642140468227424,0.04180602006688963,0.038461538461538464,0.030100334448160536
2024-10-23,0.11890999174236168,0.10239471511147812,0.08340214698596202,0.08587943848059455,0.08587943848059455,0.16432700247729148,0.01981833195706028,0.037985136251032205,0.022295623451692816,0.037985136251032205,0.006606110652353427,0.01981833195706028,0.016515276630883566,0.022295623451692816,0.026424442609413706,0.03468208092485549,0.042113955408753095,0.04046242774566474,0.03220478943022296
2024-10-24,0.11212624584717608,0.1079734219269103,0.08388704318936877,0.08803986710963455,0.07890365448504984,0.1569767441860465,0.018272425249169437,0.04401993355481727,0.02408637873754153,0.03903654485049834,0.007475083056478406,0.011627906976744186,0.013289036544850499,0.024916943521594685,0.029069767441860465,0.03571428571428571,0.04817275747508306,0.04318936877076412,0.03322259136212625
2024-10-25,0.11784511784511785,0.12457912457912458,0.08417508417508418,0.08333333333333333,0.08080808080808081,0.16498316498316498,0.018518518518518517,0.03956228956228956,0.02356902356902357,0.04292929292929293,0.007575757575757576,0.010942760942760943,0.013468013468013467,0.017676767676767676,0.02356902356902357,0.03282828282828283,0.04377104377104377,0.034511784511784514,0.03535353535353535
2024-10-28,0.12301255230125523,0.11548117154811716,0.0887029288702929,0.08702928870292886,0.07866108786610879,0.15230125523012553,0.022594142259414227,0.045188284518828455,0.018410041841004185,0.048535564853556486,0.0066945606694560665,0.012552301255230125,0.01506276150627615,0.02092050209205021,0.022594142259414227,0.03430962343096234,0.04184100418410042,0.03347280334728033,0.032635983263598324
2024-10-29,0.12908633696563285,0.12070410729253982,0.09052808046940486,0.08549874266554904,0.07292539815590947,0.15758591785414922,0.022632020117351215,0.041911148365465216,0.01592623637887678,0.04107292539815591,0.00586756077116513,0.010896898575020955,0.013411567476948869,0.022632020117351215,0.02179379715004191,0.03185247275775356,0.04610226320201174,0.040234702430846606,0.02933780385582565
2024-10-30,0.11710193765796124,0.10951979780960404,0.10109519797809605,0.08593091828138164,0.07919123841617523,0.15754001684919966,0.02611625947767481,0.04380791912384162,0.017691659646166806,0.04296545914069082,0.005897219882055603,0.006739679865206402,0.010951979780960405,0.02527379949452401,0.019376579612468407,0.038753159224936815,0.04296545914069082,0.039595619208087615,0.02948609941027801
2024-10-31,0.12231404958677686,0.11239669421487604,0.08099173553719008,0.0859504132231405,0.08264462809917356,0.15867768595041323,0.01818181818181818,0.03966942148760331,0.0256198347107438,0.047107438016528926,0.004132231404958678,0.011570247933884297,0.014049586776859505,0.021487603305785124,0.02231404958677686,0.03966942148760331,0.04628099173553719,0.0371900826446281,0.02975206611570248
2024-11-01,0.12521008403361344,0.11428571428571428,0.08571428571428572,0.08823529411764706,0.07478991596638655,0.1588235294117647,0.01680672268907563,0.04285714285714286,0.023529411764705882,0.046218487394957986,0.010084033613445379,0.010084033613445379,0.010924369747899159,0.024369747899159664,0.02100840336134454,0.03613445378151261,0.04453781512605042,0.03697478991596639,0.029411764705882353
2024-11-04,0.12093411175979983,0.11092577147623019,0.08256880733944955,0.0884070058381985,0.07339449541284404,0.15679733110925773,0.019182652210175146,0.04837364470391994,0.02585487906588824,0.04670558798999166,0.010842368640533779,0.011676396997497914,0.015012510425354461,0.01751459549624687,0.021684737281067557,0.03669724770642202,0.0408673894912427,0.03753127606338615,0.03502919099249374
2024-11-05,0.12239800166527894,0.11240632805995004,0.08742714404662781,0.08992506244796003,0.07743547044129892,0.16402997502081598,0.01665278934221482,0.04329725228975854,0.01665278934221482,0.04329725228975854,0.006661115736885929,0.009159034138218152,0.014154870940882597,0.018318068276436304,0.020815986677768527,0.04079933388842631,0.04329725228975854,0.038301415487094086,0.034970857618651124
2024-11-06,0.12373737373737374,0.10185185185185185,0.0867003367003367,0.09090909090909091,0.06565656565656566,0.1632996632996633,0.01936026936026936,0.045454545454545456,0.021885521885521887,0.04882154882154882,0.011784511784511785,0.010101010101010102,0.011784511784511785,0.022727272727272728,0.021885521885521887,0.04713804713804714,0.03956228956228956,0.037037037037037035,0.030303030303030304
2024-11-07,0.12080536912751678,0.11409395973154363,0.08137583892617449,0.08473154362416108,0.07214765100671142,0.15855704697986578,0.016778523489932886,0.04865771812080537,0.01761744966442953,0.04865771812080537,0.0050335570469798654,0.01174496644295302,0.010906040268456376,0.020134228187919462,0.025167785234899327,0.05285234899328859,0.04530201342281879,0.031879194630872486,0.03355704697986577
2024-11-08,0.11676396997497915,0.10175145954962468,0.08006672226855713,0.09174311926605505,0.07589658048373644,0.17264386989157632,0.020016680567139282,0.04420350291909925,0.020016680567139282,0.042535446205170975,0.010008340283569641,0.015012510425354461,0.009174311926605505,0.02835696413678065,0.020016680567139282,0.042535446205170975,0.045871559633027525,0.0316930775646372,0.0316930775646372
2024-11-11,0.11695906432748537,0.12197159565580618,0.09273182957393483,0.08771929824561403,0.07769423558897243,0.15622389306599832,0.015037593984962405,0.04678362573099415,0.015873015873015872,0.04093567251461988,0.00835421888053467,0.009189640768588136,0.014202172096908938,0.026733500417710943,0.017543859649122806,0.040100250626566414,0.04594820384294068,0.034252297410192145,0.031746031746031744
2024-11-12,0.12552653748946924,0.12552653748946924,0.08845829823083404,0.07919123841617523,0.06992417860151642,0.16006739679865206,0.015164279696714406,0.039595619208087615,0.02106149957877001,0.04380791912384162,0.010109519797809604,0.009267059814658803,0.010109519797809604,0.02274641954507161,0.020219039595619208,0.04717775905644482,0.04633529907329402,0.03285593934288121,0.03285593934288121
2024-11-13,0.12436548223350254,0.10406091370558376,0.08967851099830795,0.07952622673434856,0.07698815566835872,0.15905245346869712,0.01692047377326565,0.049069373942470386,0.02707275803722504,0.04568527918781726,0.005076142131979695,0.009306260575296108,0.012690355329949238,0.025380710659898477,0.024534686971235193,0.04568527918781726,0.03807106598984772,0.03299492385786802,0.0338409475465313
2024-11-14,0.12026359143327842,0.10790774299835255,0.09308072487644152,0.08978583196046129,0.07413509060955518,0.15403624382207579,0.018945634266886325,0.04365733113673806,0.023887973640856673,0.04118616144975288,0.004942339373970346,0.009060955518945634,0.012355848434925865,0.016474464579901153,0.02800658978583196,0.048599670510708404,0.04365733113673806,0.03212520593080725,0.03789126853377265
2024-11-15,0.13043478260869565,0.10367892976588629,0.08193979933110368,0.08444816053511706,0.07859531772575251,0.16304347826086957,0.01839464882943144,0.04180602006688963,0.0225752508361204,0.04598662207357859,0.010869565217391304,0.00919732441471572,0.010033444816053512,0.0225752508361204,0.024247491638795988,0.04431438127090301,0.046822742474916385,0.03260869565217391,0.028428093645484948
2024-11-18,0.12156536219816819,0.10907577019150708,0.08243130724396336,0.08992506244796003,0.08243130724396336,0.15570358034970858,0.017485428809325562,0.042464612822647796,0.02331390507910075,0.04579517069109076,0.009991673605328892,0.006661115736885929,0.012489592006661115,0.019983347210657785,0.02414654454621149,0.04579517069109076,0.04746044962531224,0.0324729392173189,0.030807660283097418
2024-11-19,0.12788778877887788,0.10396039603960396,0.08498349834983498,0.07673267326732673,0.08250825082508251,0.16831683168316833,0.017326732673267328,0.037953795379537955,0.022277227722772276,0.04537953795379538,0.013201320132013201,0.005775577557755775,0.01155115511551155,0.022277227722772276,0.02557755775577558,0.041254125412541254,0.041254125412541254,0.033003300330033,0.038778877887788776
2024-11-20,0.11528822055137844,0.09941520467836257,0.0885547201336675,0.07685881370091896,0.0810359231411863,0.16541353383458646,0.01921470342522974,0.04344193817878028,0.02756892230576441,0.050960735171261484,0.012531328320802004,0.00835421888053467,0.007518796992481203,0.020050125313283207,0.02506265664160401,0.04678362573099415,0.042606516290726815,0.036758563074352546,0.03258145363408521
2024-11-21,0.12583892617449666,0.10906040268456375,0.08976510067114093,0.08389261744966443,0.07718120805369127,0.16023489932885907,0.02097315436241611,0.03942953020134228,0.022651006711409395,0.044463087248322146,0.01174496644295302,0.006711409395973154,0.01174496644295302,0.020134228187919462,0.01761744966442953,0.050335570469798654,0.0436241610738255,0.03271812080536913,0.031879194630872486
2024-11-22,0.11656952539550375,0.10407993338884262,0.08492922564529559,0.08825978351373855,0.07660283097418817,0.16153205661948378,0.019983347210657785,0.03996669442131557,0.025811823480432972,0.051623646960865945,0.013322231473771857,0.00749375520399667,0.012489592006661115,0.01665278934221482,0.02164862614487927,0.044962531223980015,0.04412989175686927,0.03663613655287261,0.03330557868442964
2024-11-25,0.12156536219816819,0.10824313072439634,0.08576186511240633,0.08825978351373855,0.07327227310574522,0.16153205661948378,0.019150707743547043,0.04079933388842631,0.027477102414654453,0.04746044962531224,0.006661115736885929,0.00832639467110741,0.011656952539550375,0.022481265611990008,0.019983347210657785,0.041631973355537054,0.0466278101582015,0.03746877601998335,0.03164029975020816
2024-11-26,0.12562814070351758,0.10971524288107203,0.08375209380234507,0.07035175879396985,0.07705192629815745,0.16666666666666666,0.024288107202680067,0.04438860971524288,0.019262981574539362,0.048576214405360134,0.008375209380234505,0.006700167504187605,0.01340033500837521,0.02680067001675042,0.02680067001675042,0.04103852596314908,0.04355108877721943,0.031825795644891124,0.031825795644891124
2024-11-27,0.12678421494542402,0.11670864819479429,0.08228379513014274,0.07388748950461797,0.07808564231738035,0.1670864819479429,0.018471872376154493,0.04450041981528128,0.023509655751469353,0.04030226700251889,0.007556675062972292,0.0109151973131822,0.0109151973131822,0.020990764063811923,0.019311502938706968,0.04785894206549118,0.041981528127623846,0.03442485306465155,0.03442485306465155
2024-11-28,0.12405699916177704,0.10980720871751885,0.07963118189438391,0.08549874266554904,0.07795473595976529,0.16261525565800503,0.020117351215423303,0.04610226320201174,0.027661357921207042,0.04358759430008382,0.0075440067057837385,0.010896898575020955,0.015088013411567477,0.020117351215423303,0.019279128248113998,0.04694048616932104,0.039396479463537304,0.03604358759430008,0.027661357921207042
2024-11-29,0.12093411175979983,0.10758965804837364,0.0817347789824854,0.08256880733944955,0.08006672226855713,0.1609674728940784,0.019182652210175146,0.04670558798999166,0.025020850708924104,0.05421184320266889,0.005838198498748957,0.006672226855713094,0.010842368640533779,0.02418682235195997,0.020016680567139282,0.043369474562135114,0.045871559633027525,0.03669724770642202,0.027522935779816515
2024-12-02,0.12447434819175777,0.10765349032800672,0.08915054667788057,0.08915054667788057,0.06812447434819176,0.1581160639192599,0.018502943650126155,0.04373423044575273,0.01934398654331371,0.04625735912531539,0.007569386038687973,0.005046257359125316,0.014297729184188394,0.020185029436501262,0.024390243902439025,0.04373423044575273,0.04625735912531539,0.04205214465937763,0.031959629941127
2024-12-03,0.11799163179916318,0.11380753138075314,0.08368200836820083,0.08619246861924686,0.0803347280334728,0.16652719665271967,0.014225941422594143,0.04686192468619247,0.019246861924686193,0.04351464435146443,0.0066945606694560665,0.00502092050209205,0.0100418410041841,0.022594142259414227,0.0200836820083682,0.045188284518828455,0.04435146443514645,0.038493723849372385,0.035146443514644354
2024-12-04,0.12116182572614108,0.1087136929460581,0.08132780082987552,0.08049792531120332,0.07966804979253111,0.15933609958506223,0.016597510373443983,0.04896265560165975,0.025726141078838173,0.046473029045643155,0.009128630705394191,0.007468879668049793,0.012448132780082987,0.017427385892116183,0.025726141078838173,0.04149377593360996,0.04149377593360996,0.03983402489626556,0.036514522821576766
2024-12-05,0.12098138747884941,0.1116751269035533,0.08206429780033841,0.0829103214890017,0.0829103214890017,0.16159052453468697,0.0194585448392555,0.047377326565143825,0.028764805414551606,0.04568527918781726,0.007614213197969543,0.007614213197969543,0.01353637901861252,0.021150592216582064,0.02622673434856176,0.03637901861252115,0.03976311336717428,0.03468697123519458,0.02961082910321489
2024-12-06,0.12189054726368159,0.10033167495854063,0.0845771144278607,0.09038142620232173,0.07379767827529021,0.1625207296849088,0.015754560530679935,0.0472636815920398,0.029850746268656716,0.04560530679933665,0.006633499170812604,0.007462686567164179,0.012437810945273632,0.01990049751243781,0.026533996683250415,0.03648424543946932,0.0439469320066335,0.03980099502487562,0.03482587064676617
2024-12-09,0.12258606213266163,0.10831234256926953,0.08144416456759027,0.08312342569269521,0.07724601175482787,0.16792611251049538,0.01343408900083963,0.04617968094038623,0.022670025188916875,0.04785894206549118,0.006717044500419815,0.007556675062972292,0.009235936188077247,0.020990764063811923,0.02518891687657431,0.04030226700251889,0.04534005037783375,0.0436607892527288,0.030226700251889168
2024-12-10,0.11583333333333333,0.105,0.08,0.08333333333333333,0.08666666666666667,0.15833333333333333,0.020833333333333332,0.049166666666666664,0.025833333333333333,0.04666666666666667,0.011666666666666667,0.0075,0.015,0.024166666666666666,0.025833333333333333,0.04,0.043333333333333335,0.035,0.025833333333333333
2024-12-11,0.11696869851729819,0.10378912685337727,0.07825370675453047,0.07907742998352553,0.07742998352553541,0.17215815485996705,0.012355848434925865,0.04365733113673806,0.025535420098846788,0.04612850082372323,0.006589785831960461,0.007413509060955519,0.014827018121911038,0.025535420098846788,0.03130148270181219,0.044481054365733116,0.044481054365733116,0.036243822075782535,0.03377265238879736
2024-12-12,0.11268781302170283,0.09849749582637729,0.08013355592654424,0.08096828046744574,0.08096828046744574,0.169449081803005,0.015859766277128547,0.04424040066777963,0.03005008347245409,0.049248747913188645,0.01001669449081803,0.004173622704507512,0.012520868113522538,0.021702838063439065,0.027545909849749584,0.041736227045075125,0.041736227045075125,0.041736227045075125,0.03672787979966611
2024-12-13,0.12469033856317094,0.09991742361684558,0.08092485549132948,0.08175061932287365,0.08257638315441784,0.15772089182493806,0.018992568125516102,0.046242774566473986,0.027250206440957887,0.04706853839801817,0.00990916597853014,0.007431874483897605,0.013212221304706853,0.01981833195706028,0.02477291494632535,0.04376548307184145,0.042113955408753095,0.037159372419488024,0.03468208092485549
2024-12-16,0.1175,0.10833333333333334,0.08,0.09083333333333334,0.07333333333333333,0.16416666666666666,0.0125,0.04833333333333333,0.030833333333333334,0.0475,0.011666666666666667,0.0075,0.0125,0.021666666666666667,0.024166666666666666,0.04083333333333333,0.03916666666666667,0.0375,0.03166666666666667
2024-12-17,0.11906677393403058,0.09734513274336283,0.07884151246983105,0.07884151246983105,0.07723250201126307,0.1584875301689461,0.02011263073209976,0.04505229283990346,0.02815768302493966,0.05229283990345937,0.009654062751407884,0.009654062751407884,0.010458567980691875,0.017699115044247787,0.02413515687851971,0.0498793242156074,0.04827031375703942,0.03700724054706356,0.03781174577634755
2024-12-18,0.12417763157894737,0.109375,0.07483552631578948,0.0912828947368421,0.06825657894736842,0.16200657894736842,0.019736842105263157,0.04523026315789474,0.02055921052631579,0.04851973684210526,0.009868421052631578,0.008223684210526315,0.013157894736842105,0.019736842105263157,0.028782894736842105,0.046875,0.04523026315789474,0.03125,0.03289473684210526
2024-12-19,0.11616571892770106,0.10316815597075549,0.07879772542648253,0.08935824532900082,0.07879772542648253,0.15515840779853776,0.01949634443541836,0.045491470349309504,0.023558082859463852,0.047116165718927704,0.012185215272136474,0.008935824532900082,0.012997562956945572,0.017871649065800164,0.026807473598700244,0.04955320877335499,0.04061738424045491,0.04061738424045491,0.03330625507717303
2024-12-20,0.12408163265306123,0.10122448979591837,0.07673469387755102,0.0963265306122449,0.07346938775510205,0.15428571428571428,0.02040816326530612,0.04163265306122449,0.029387755102040815,0.04816326530612245,0.012244897959183673,0.008979591836734694,0.011428571428571429,0.019591836734693877,0.027755102040816326,0.04244897959183674,0.04,0.03836734693877551,0.03346938775510204
2024-12-23,0.12684124386252046,0.1088379705400982,0.07446808510638298,0.09165302782324058,0.07364975450081833,0.16284779050736498,0.016366612111292964,0.046644844517184945,0.0220949263502455,0.04337152209492635,0.008183306055646482,0.012274959083469721,0.00900163666121113,0.019639934533551555,0.02127659574468085,0.045008183306055646,0.0425531914893617,0.03927986906710311,0.03600654664484452
2024-12-24,0.12282157676348547,0.1045643153526971,0.07800829875518672,0.08464730290456432,0.07385892116182573,0.16514522821576763,0.01991701244813278,0.04398340248962656,0.029045643153526972,0.044813278008298756,0.006639004149377593,0.008298755186721992,0.013278008298755186,0.024896265560165973,0.027385892116182572,0.043153526970954356,0.044813278008298756,0.034854771784232366,0.02987551867219917
2024-12-25,0.12273476112026359,0.09884678747940692,0.08237232289950576,0.08649093904448106,0.07248764415156507,0.17380560131795716,0.018121911037891267,0.04612850082372323,0.02059308072487644,0.048599670510708404,0.013179571663920923,0.005766062602965404,0.013179571663920923,0.02059308072487644,0.0214168039538715,0.042009884678747944,0.042009884678747944,0.03871499176276771,0.032948929159802305
2024-12-26,0.12039312039312039,0.11056511056511056,0.07780507780507781,0.08927108927108927,0.07371007371007371,0.1597051597051597,0.02293202293202293,0.04176904176904177,0.022113022113022112,0.04176904176904177,0.005733005733005733,0.007371007371007371,0.01638001638001638,0.02375102375102375,0.020475020475020474,0.05241605241605242,0.0475020475020475,0.04095004095004095,0.025389025389025387
2024-12-27,0.12510288065843622,0.10781893004115227,0.0823045267489712,0.08724279835390947,0.07736625514403292,0.15473251028806584,0.01728395061728395,0.04526748971193416,0.024691358024691357,0.044444444444444446,0.005761316872427984,0.00823045267489712,0.012345679012345678,0.024691358024691357,0.027160493827160494,0.043621399176954734,0.04279835390946502,0.03786008230452675,0.031275720164609055
2024-12-30,0.12643678160919541,0.09770114942528736,0.08210180623973727,0.08620689655172414,0.06978653530377668,0.1592775041050903,0.016420361247947456,0.0451559934318555,0.022988505747126436,0.04597701149425287,0.0090311986863711,0.008210180623973728,0.011494252873563218,0.020525451559934318,0.029556650246305417,0.046798029556650245,0.046798029556650245,0.03858784893267652,0.03694581280788178
2024-12-31,0.1251035625517813,0.10024855012427507,0.07787903893951947,0.09030654515327258,0.07622203811101906,0.15990057995028997,0.01739850869925435,0.041425020712510356,0.018227009113504555,0.045567522783761395,0.012427506213753107,0.009113504556752278,0.014084507042253521,0.024026512013256007,0.027340513670256836,0.0463960231980116,0.04473902236951118,0.041425020712510356,0.028169014084507043
2025-01-02,0.12458745874587458,0.10478547854785479,0.07508250825082509,0.08663366336633663,0.07425742574257425,0.1617161716171617,0.017326732673267328,0.04702970297029703,0.0231023102310231,0.0429042904290429,0.0165016501650165,0.00825082508250825,0.012376237623762377,0.02145214521452145,0.02392739273927393,0.04372937293729373,0.04372937293729373,0.040429042904290426,0.03217821782178218
2025-01-03,0.11924342105263158,0.0962171052631579,0.08223684210526316,0.08552631578947369,0.07236842105263158,0.1768092105263158,0.018914473684210526,0.04851973684210526,0.018092105263157895,0.038651315789473686,0.014802631578947368,0.007401315789473684,0.012335526315789474,0.023848684210526317,0.027960526315789474,0.04523026315789474,0.03618421052631579,0.04276315789473684,0.03289473684210526
2025-01-06,0.1174055829228243,0.10262725779967159,0.08210180623973727,0.08784893267651889,0.07142857142857142,0.1592775041050903,0.022988505747126436,0.042692939244663386,0.018883415435139574,0.041050903119868636,0.010673234811165846,0.013957307060755337,0.015599343185550082,0.022988505747126436,0.023809523809523808,0.053366174055829226,0.042692939244663386,0.04597701149425287,0.024630541871921183
2025-01-07,0.11885245901639344,0.09754098360655737,0.08688524590163935,0.08114754098360656,0.0778688524590164,0.16311475409836065,0.01557377049180328,0.04426229508196721,0.020491803278688523,0.05245901639344262,0.013114754098360656,0.009016393442622951,0.01639344262295082,0.01557377049180328,0.02540983606557377,0.04918032786885246,0.04262295081967213,0.036885245901639344,0.03360655737704918
2025-01-08,0.12081632653061225,0.10040816326530612,0.08408163265306122,0.08734693877551021,0.07428571428571429,0.16163265306122448,0.017142857142857144,0.045714285714285714,0.018775510204081632,0.04163265306122449,0.0163265306122449,0.011428571428571429,0.0163265306122449,0.017959183673469388,0.022857142857142857,0.05061224489795919,0.04326530612244898,0.04081632653061224,0.02857142857142857
2025-01-09,0.12183156173344235,0.10220768601798855,0.08094848732624693,0.08585445625511039,0.06950122649223221,0.16843826655764513,0.02125919869174162,0.0482420278004906,0.022894521668029435,0.04006541291905151,0.008176614881439084,0.007358953393295176,0.017170891251022075,0.018806214227309895,0.024529844644317254,0.0482420278004906,0.04333605887162715,0.041700735895339326,0.029435813573180702
2025-01-10,0.12016460905349795,0.1094650205761317,0.07736625514403292,0.08724279835390947,0.07736625514403292,0.15473251028806584,0.015637860082304528,0.04526748971193416,0.023868312757201648,0.03539094650205761,0.013991769547325103,0.00823045267489712,0.01728395061728395,0.01810699588477366,0.02551440329218107,0.05102880658436214,0.043621399176954734,0.048559670781893,0.027160493827160494
2025-01-13,0.12428454619787407,0.10057236304170074,0.08013082583810302,0.08994276369582993,0.07195421095666395,0.1553556827473426,0.017170891251022075,0.04251839738348324,0.022076860179885527,0.044971381847914965,0.011447260834014717,0.004905968928863451,0.012264922322158627,0.022076860179885527,0.029435813573180702,0.050695012264922325,0.04578904333605887,0.047424366312346686,0.02698282910874898
2025-01-14,0.11430921052631579,0.09868421052631579,0.0805921052631579,0.08141447368421052,0.0756578947368421,0.16200657894736842,0.014802631578947368,0.04111842105263158,0.03042763157894737,0.046052631578947366,0.01644736842105263,0.008223684210526315,0.012335526315789474,0.023848684210526317,0.024671052631578948,0.047697368421052634,0.04276315789473684,0.046875,0.032072368421052634
2025-01-15,0.11624072547403133,0.0989282769991756,0.08491343775762572,0.09068425391591096,0.07502061005770816,0.1574608408903545,0.020610057708161583,0.04286892003297609,0.028854080791426217,0.04451772464962902,0.00989282769991756,0.01483924154987634,0.01236603462489695,0.023083264633140973,0.025556471558120363,0.048639736191261336,0.03544929925803792,0.038746908491343775,0.031327287716405604
2025-01-16,0.11029411764705882,0.09803921568627451,0.08415032679738563,0.08905228758169935,0.07679738562091504,0.16666666666666666,0.017973856209150325,0.04330065359477124,0.025326797385620915,0.035130718954248366,0.008986928104575163,0.010620915032679739,0.013071895424836602,0.022058823529411766,0.027777777777777776,0.051470588235294115,0.041666666666666664,0.042483660130718956,0.035130718954248366
2025-01-17,0.11092851273623665,0.09942481511914544,0.08463434675431389,0.08874281018898932,0.08134757600657354,0.15776499589153656,0.018898931799506986,0.04272801972062449,0.027115858668857847,0.04272801972062449,0.012325390304026294,0.012325390304026294,0.014790468364831553,0.021364009860312245,0.023007395234182416,0.051766639276910435,0.0419063270336894,0.04026294165981923,0.027937551355792935
2025-01-20,0.11947626841243862,0.09738134206219312,0.08019639934533551,0.08919803600654665,0.07692307692307693,0.16121112929623568,0.018821603927986905,0.0425531914893617,0.023731587561374796,0.04091653027823241,0.015548281505728314,0.00900163666121113,0.013911620294599018,0.022913256955810146,0.027004909983633387,0.05155482815057283,0.0425531914893617,0.03600654664484452,0.031096563011456628
2025-01-21,0.11319218241042345,0.10179153094462541,0.08713355048859935,0.08469055374592833,0.08061889250814332,0.15716612377850162,0.015472312703583062,0.04071661237785016,0.025244299674267102,0.039902280130293157,0.008143322475570033,0.010586319218241042,0.012214983713355049,0.021986970684039087,0.026058631921824105,0.05374592833876222,0.04804560260586319,0.04234527687296417,0.030944625407166124
2025-01-22,0.11875511875511875,0.09746109746109746,0.07780507780507781,0.095004095004095,0.07944307944307945,0.16707616707616707,0.019656019656019656,0.04504504504504504,0.02457002457002457,0.042588042588042586,0.010647010647010647,0.014742014742014743,0.009009009009009009,0.02293202293202293,0.025389025389025387,0.05241605241605242,0.03767403767403767,0.03767403767403767,0.022113022113022112
2025-01-23,0.1221311475409836,0.1040983606557377,0.07868852459016394,0.09508196721311475,0.07540983606557378,0.15491803278688523,0.01557377049180328,0.04262295081967213,0.022950819672131147,0.04262295081967213,0.013934426229508197,0.00819672131147541,0.011475409836065573,0.022950819672131147,0.02540983606557377,0.054098360655737705,0.038524590163934426,0.04016393442622951,0.03114754098360656
2025-01-24,0.11563517915309446,0.10179153094462541,0.08224755700325732,0.08631921824104234,0.0749185667752443,0.15960912052117263,0.016286644951140065,0.04478827361563518,0.021172638436482084,0.046416938110749185,0.013843648208469055,0.012214983713355049,0.007328990228013029,0.024429967426710098,0.03013029315960912,0.05618892508143322,0.041530944625407164,0.035830618892508145,0.029315960912052116
2025-01-27,0.11977030352748154,0.09762100082034454,0.08367514356029532,0.09023789991796555,0.07629204265791632,0.15914684167350288,0.020508613617719443,0.043478260869565216,0.022149302707136997,0.04183757178014766,0.006562756357670222,0.01394585726004922,0.01394585726004922,0.020508613617719443,0.026251025430680888,0.051681706316652996,0.044298605414273995,0.04265791632485644,0.02543068088597211
2025-02-05,0.11673469387755102,0.0946938775510204,0.07673469387755102,0.09142857142857143,0.0783673469387755,0.16326530612244897,0.017142857142857144,0.03918367346938775,0.024489795918367346,0.04653061224489796,0.009795918367346938,0.0163265306122449,0.015510204081632653,0.018775510204081632,0.029387755102040815,0.054693877551020405,0.04326530612244898,0.036734693877551024,0.026938775510204082
2025-02-06,0.11937857726901063,0.09403107113654947,0.08258381030253475,0.08258381030253475,0.08013082583810302,0.15944399018806213,0.023712183156173343,0.04251839738348324,0.025347506132461162,0.0482420278004906,0.011447260834014717,0.009811937857726901,0.016353229762878167,0.017988552739165987,0.022894521668029435,0.059689288634505316,0.03515944399018806,0.04251839738348324,0.02616516762060507
2025-02-07,0.12016460905349795,0.102880658436214,0.08559670781893004,0.08888888888888889,0.07325102880658436,0.15637860082304528,0.013991769547325103,0.04691358024691358,0.022222222222222223,0.04279835390946502,0.01316872427983539,0.009876543209876543,0.01646090534979424,0.01810699588477366,0.031275720164609055,0.04691358024691358,0.0411522633744856,0.03950617283950617,0.030452674897119343
2025-02-10,0.11783960720130933,0.09983633387888707,0.08592471358428805,0.0867430441898527,0.08019639934533551,0.16284779050736498,0.016366612111292964,0.044189852700491,0.02127659574468085,0.041734860883797055,0.013911620294599018,0.00900163666121113,0.016366612111292964,0.019639934533551555,0.023731587561374796,0.04991816693944354,0.03927986906710311,0.04337152209492635,0.027823240589198037
2025-02-11,0.12185215272136475,0.0950446791226645,0.07636068237205523,0.08773354995938261,0.07961007311129163,0.16165718927701056,0.017059301380991064,0.0463038180341186,0.021121039805036556,0.041429731925264016,0.00974817221770918,0.011372867587327376,0.016246953696181964,0.025182778229082048,0.021933387489845652,0.056051990251827784,0.04467912266450041,0.041429731925264016,0.025182778229082048
2025-02-12,0.12418300653594772,0.09640522875816994,0.08251633986928104,0.0857843137254902,0.07924836601307189,0.16176470588235295,0.0196078431372549,0.04411764705882353,0.017973856209150325,0.04084967320261438,0.010620915032679739,0.008986928104575163,0.00980392156862745,0.02287581699346405,0.025326797385620915,0.051470588235294115,0.04656862745098039,0.042483660130718956,0.029411764705882353
2025-02-13,0.12173202614379085,0.10049019607843138,0.09068627450980392,0.08006535947712418,0.07352941176470588,0.16013071895424835,0.02369281045751634,0.05065359477124183,0.018790849673202614,0.041666666666666664,0.007352941176470588,0.012254901960784314,0.011437908496732025,0.021241830065359478,0.022058823529411766,0.05228758169934641,0.041666666666666664,0.04084967320261438,0.029411764705882353
2025-02-14,0.11832374691865243,0.10599835661462613,0.08709942481511915,0.08052588331963846,0.07559572719802794,0.16680361544782252,0.015612161051766639,0.04272801972062449,0.018077239112571898,0.047658175842235,0.008216926869350863,0.013968775677896467,0.016433853738701727,0.014790468364831553,0.025472473294987676,0.054231717337715694,0.0419063270336894,0.03779786359901397,0.02875924404272802
2025-02-17,0.11591836734693878,0.09551020408163265,0.08,0.08326530612244898,0.07428571428571429,0.17061224489795918,0.017959183673469388,0.0473469387755102,0.022040816326530613,0.04244897959183674,0.009795918367346938,0.015510204081632653,0.012244897959183673,0.02122448979591837,0.03183673469387755,0.05061224489795919,0.044081632653061226,0.035918367346938776,0.029387755102040815
2025-02-18,0.11563517915309446,0.11156351791530944,0.07736156351791532,0.08631921824104234,0.08306188925081433,0.16856677524429967,0.018729641693811076,0.04478827361563518,0.015472312703583062,0.03908794788273615,0.008957654723127036,0.011400651465798045,0.013029315960912053,0.017915309446254073,0.023615635179153095,0.0496742671009772,0.04478827361563518,0.038273615635179156,0.03175895765472313
2025-02-19,0.11488673139158576,0.1076051779935275,0.07686084142394822,0.09142394822006472,0.08576051779935275,0.16262135922330098,0.021844660194174758,0.04449838187702265,0.023462783171521034,0.045307443365695796,0.012944983818770227,0.0056634304207119745,0.012135922330097087,0.020226537216828478,0.024271844660194174,0.043689320388349516,0.0412621359223301,0.0412621359223301,0.024271844660194174
2025-02-20,0.11898940505297473,0.10024449877750612,0.07905460472697637,0.08801955990220049,0.07171964140179299,0.15973920130399347,0.02444987775061125,0.045639771801140996,0.020374898125509373,0.0488997555012225,0.013039934800325998,0.010594947025264874,0.009779951100244499,0.017929910350448247,0.02852485737571312,0.05134474327628362,0.0488997555012225,0.03667481662591687,0.026079869600651995
2025-02-21,0.11320754716981132,0.10746513535684987,0.07629204265791632,0.08859721082854799,0.0771123872026251,0.16324856439704677,0.022149302707136997,0.0475799835931091,0.020508613617719443,0.04593929450369155,0.011484823625922888,0.009844134536505332,0.009023789991796555,0.019688269073010665,0.02543068088597211,0.04675963904840033,0.04922067268252666,0.03773584905660377,0.02871205906480722
2025-02-24,0.11798209926769732,0.11310008136696502,0.07729861676159479,0.0821806346623271,0.08299430431244914,0.161106590724166,0.01871440195280716,0.046379170056956874,0.01790073230268511,0.04231082180634662,0.010577705451586655,0.011391375101708706,0.008136696501220505,0.014646053702196907,0.030105777054515868,0.043938161106590726,0.044751830756712775,0.044751830756712775,0.03173311635475997
2025-02-25,0.1234866828087167,0.10976594027441484,0.07506053268765134,0.07828894269572235,0.08393866020984665,0.162227602905569,0.021791767554479417,0.047619047619047616,0.01533494753833737,0.04439063761097659,0.009685230024213076,0.005649717514124294,0.010492332526230832,0.020177562550443905,0.02744148506860371,0.046811945117029866,0.04923325262308313,0.04035512510088781,0.02824858757062147
2025-02-26,0.12022745735174654,0.10804224207961008,0.08204711616571893,0.08285946385052803,0.07961007311129163,0.16246953696181965,0.023558082859463852,0.04467912266450041,0.021121039805036556,0.03899268887083672,0.00974817221770918,0.008935824532900082,0.008935824532900082,0.022745735174654752,0.02924451665312754,0.047116165718927704,0.045491470349309504,0.034930950446791224,0.02924451665312754
2025-02-27,0.12356792144026187,0.10801963993453355,0.07528641571194762,0.09083469721767594,0.08265139116202946,0.15384615384615385,0.018821603927986905,0.045008183306055646,0.02127659574468085,0.04091653027823241,0.007364975450081833,0.014729950900163666,0.009819967266775777,0.02127659574468085,0.0220949263502455,0.046644844517184945,0.04746317512274959,0.04091653027823241,0.029459901800327332
2025-02-28,0.11479385610347616,0.10428455941794665,0.06709781729991916,0.09054163298302344,0.08326596604688763,0.16572352465642684,0.023443815683104285,0.04850444624090541,0.015359741309620048,0.03799514955537591,0.009700889248181084,0.012126111560226353,0.009700889248181084,0.01778496362166532,0.030719482619240096,0.04284559417946645,0.04850444624090541,0.04042037186742118,0.037186742118027485
2025-03-03,0.11759935117599352,0.10624493106244931,0.072992700729927,0.08759124087591241,0.0851581508515815,0.16058394160583941,0.019464720194647202,0.047850770478507706,0.0186536901865369,0.0454176804541768,0.0113544201135442,0.0113544201135442,0.008921330089213302,0.025141930251419302,0.0227088402270884,0.040551500405515,0.04460665044606651,0.04460665044606651,0.029197080291970802
2025-03-04,0.119281045751634,0.10375816993464053,0.07107843137254902,0.08660130718954248,0.08741830065359477,0.15931372549019607,0.02287581699346405,0.049836601307189546,0.02287581699346405,0.03839869281045752,0.012254901960784314,0.010620915032679739,0.013888888888888888,0.021241830065359478,0.026143790849673203,0.049836601307189546,0.042483660130718956,0.03676470588235294,0.025326797385620915
2025-03-05,0.12045270816491511,0.10428455941794665,0.07275666936135812,0.09862570735650768,0.07599029911075182,0.16248989490703314,0.016168148746968473,0.04931285367825384,0.0137429264349232,0.03799514955537591,0.010509296685529508,0.010509296685529508,0.012934518997574777,0.016976556184316895,0.025869037995149554,0.05173807599029911,0.0444624090541633,0.041228779304769606,0.03395311236863379
2025-03-06,0.1192,0.1024,0.072,0.084,0.0784,0.168,0.0192,0.052,0.016,0.0392,0.0112,0.0128,0.0144,0.02,0.0224,0.048,0.0464,0.044,0.0304
2025-03-07,0.12979591836734694,0.11020408163265306,0.07020408163265306,0.09224489795918367,0.07591836734693877,0.15918367346938775,0.017959183673469388,0.04897959183673469,0.012244897959183673,0.03918367346938775,0.008979591836734694,0.012244897959183673,0.009795918367346938,0.022040816326530613,0.0236734693877551,0.05061224489795919,0.04979591836734694,0.037551020408163265,0.029387755102040815
2025-03-10,0.11358024691358025,0.1102880658436214,0.07654320987654321,0.09053497942386832,0.07407407407407407,0.16049382716049382,0.027983539094650206,0.047736625514403296,0.01810699588477366,0.04609053497942387,0.011522633744855968,0.010699588477366255,0.01316872427983539,0.019753086419753086,0.022222222222222223,0.047736625514403296,0.03786008230452675,0.040329218106995884,0.031275720164609055
2025-03-11,0.1254125412541254,0.11056105610561057,0.07178217821782178,0.09158415841584158,0.07920792079207921,0.15181518151815182,0.018976897689768978,0.05033003300330033,0.012376237623762377,0.04372937293729373,0.010726072607260726,0.010726072607260726,0.014026402640264026,0.02145214521452145,0.022277227722772276,0.0462046204620462,0.04867986798679868,0.0429042904290429,0.027227722772277228
2025-03-12,0.10534979423868313,0.11275720164609053,0.0757201646090535,0.08724279835390947,0.08395061728395062,0.15637860082304528,0.01728395061728395,0.05102880658436214,0.015637860082304528,0.04197530864197531,0.009876543209876543,0.012345679012345678,0.014814814814814815,0.01728395061728395,0.023045267489711935,0.04938271604938271,0.048559670781893,0.048559670781893,0.02880658436213992
2025-03-13,0.11898940505297473,0.10676446617766912,0.07253463732681337,0.08964955175224124,0.08475957620211899,0.14995925020374898,0.018744906275468622,0.04971475142624287,0.014669926650366748,0.04319478402607987,0.010594947025264874,0.013039934800325998,0.013039934800325998,0.019559902200488997,0.018744906275468622,0.04971475142624287,0.044009779951100246,0.05134474327628362,0.030969845150774247
2025-03-14,0.11472742066720912,0.10577705451586655,0.07160292921074043,0.0838079739625712,0.08462164361269324,0.1497152156224573,0.024410089503661515,0.045565500406834825,0.01790073230268511,0.045565500406834825,0.013832384052074858,0.011391375101708706,0.02115541090317331,0.01627339300244101,0.01871440195280716,0.05044751830756713,0.04800650935720097,0.04149715215622457,0.03498779495524817
2025-03-17,0.11282467532467533,0.11201298701298701,0.08198051948051949,0.09090909090909091,0.07792207792207792,0.16071428571428573,0.017045454545454544,0.05194805194805195,0.01461038961038961,0.045454545454545456,0.012175324675324676,0.01461038961038961,0.016233766233766232,0.015422077922077922,0.022727272727272728,0.03896103896103896,0.04301948051948052,0.037337662337662336,0.03409090909090909
2025-03-18,0.12285012285012285,0.10237510237510238,0.08108108108108109,0.085995085995086,0.07862407862407862,0.1638001638001638,0.02293202293202293,0.049959049959049956,0.014742014742014743,0.043407043407043405,0.00819000819000819,0.012285012285012284,0.015561015561015561,0.02457002457002457,0.018837018837018837,0.043407043407043405,0.04504504504504504,0.03849303849303849,0.027846027846027847
2025-03-19,0.11437908496732026,0.1119281045751634,0.07924836601307189,0.08333333333333333,0.08088235294117647,0.16666666666666666,0.025326797385620915,0.0457516339869281,0.015522875816993464,0.04493464052287582,0.008169934640522876,0.015522875816993464,0.0196078431372549,0.018790849673202614,0.018790849673202614,0.04656862745098039,0.042483660130718956,0.04084967320261438,0.021241830065359478
2025-03-20,0.11551155115511551,0.11303630363036303,0.07838283828382839,0.08663366336633663,0.07673267326732673,0.16584158415841585,0.02557755775577558,0.04867986798679868,0.015676567656765675,0.041254125412541254,0.00825082508250825,0.01485148514851485,0.0165016501650165,0.0165016501650165,0.015676567656765675,0.04785478547854786,0.04207920792079208,0.040429042904290426,0.03052805280528053
2025-03-21,0.12,0.10775510204081633,0.07346938775510205,0.08489795918367347,0.07755102040816327,0.15836734693877552,0.017959183673469388,0.053877551020408164,0.0163265306122449,0.04244897959183674,0.008979591836734694,0.008979591836734694,0.024489795918367346,0.0163265306122449,0.018775510204081632,0.045714285714285714,0.05061224489795919,0.04,0.03346938775510204
2025-03-24,0.11716842961757526,0.10659072416598861,0.07485760781122865,0.07892595606183889,0.0821806346623271,0.15785191212367777,0.025223759153783564,0.05044751830756713,0.01627339300244101,0.047192839707078924,0.011391375101708706,0.012205044751830757,0.02034174125305126,0.013018714401952807,0.01952807160292921,0.044751830756712775,0.047192839707078924,0.04800650935720097,0.026851098454027666
2025-03-25,0.11382113821138211,0.1040650406504065,0.07804878048780488,0.08130081300813008,0.07886178861788617,0.16341463414634147,0.02032520325203252,0.04715447154471545,0.01788617886178862,0.05040650406504065,0.012195121951219513,0.012195121951219513,0.016260162601626018,0.015447154471544716,0.02195121951219512,0.04552845528455285,0.04796747967479675,0.04390243902439024,0.02926829268292683
2025-03-26,0.1073170731707317,0.108130081300813,0.07804878048780488,0.07967479674796749,0.07723577235772358,0.16422764227642275,0.022764227642276424,0.04959349593495935,0.01788617886178862,0.04796747967479675,0.008130081300813009,0.013008130081300813,0.023577235772357725,0.02113821138211382,0.01707317073170732,0.05040650406504065,0.04959349593495935,0.03739837398373984,0.026829268292682926
2025-03-27,0.11211871393239901,0.11624072547403133,0.08656224237427865,0.08244023083264633,0.07996702390766694,0.1483924154987634,0.023083264633140973,0.0494641384995878,0.01978565539983512,0.046166529266281946,0.00989282769991756,0.013190436933223413,0.01483924154987634,0.016488046166529265,0.016488046166529265,0.0494641384995878,0.043693322341302555,0.046166529266281946,0.025556471558120363
2025-03-28,0.11449752883031301,0.10955518945634267,0.07660626029654036,0.08237232289950576,0.08237232289950576,0.15074135090609556,0.025535420098846788,0.05271828665568369,0.01729818780889621,0.044481054365733116,0.01070840197693575,0.01070840197693575,0.02059308072487644,0.018121911037891267,0.018945634266886325,0.04612850082372323,0.04612850082372323,0.044481054365733116,0.02800658978583196
2025-03-31,0.11384111384111384,0.11138411138411139,0.07616707616707617,0.08681408681408681,0.08108108108108109,0.15724815724815724,0.022113022113022112,0.0475020475020475,0.02375102375102375,0.049959049959049956,0.011466011466011465,0.013104013104013105,0.0171990171990172,0.0171990171990172,0.020475020475020474,0.04095004095004095,0.043407043407043405,0.04095004095004095,0.025389025389025387
2025-04-01,0.11745513866231648,0.11011419249592169,0.07504078303425775,0.08238172920065252,0.07830342577487764,0.1566068515497553,0.028548123980424143,0.05057096247960848,0.01468189233278956,0.048939641109298535,0.009787928221859706,0.009787928221859706,0.018760195758564437,0.01631321370309951,0.017128874388254486,0.048939641109298535,0.04567699836867863,0.041598694942903754,0.02936378466557912
2025-04-02,0.11454102355808286,0.11129163281884646,0.07961007311129163,0.07717303005686434,0.07148659626320066,0.16165718927701056,0.025995125913891144,0.050365556458164096,0.01868399675060926,0.04305442729488221,0.007311129163281885,0.012185215272136474,0.022745735174654752,0.021121039805036556,0.017871649065800164,0.048740861088545896,0.04467912266450041,0.04224207961007311,0.02924451665312754
2025-04-03,0.11658456486042693,0.10344827586206896,0.0812807881773399,0.07963875205254516,0.07389162561576355,0.15845648604269294,0.027093596059113302,0.048440065681444995,0.019704433497536946,0.05008210180623974,0.006568144499178982,0.013957307060755337,0.018883415435139574,0.018883415435139574,0.021346469622331693,0.05008210180623974,0.046798029556650245,0.03940886699507389,0.025451559934318555
2025-04-07,0.1151662611516626,0.10867802108678021,0.08110300081103,0.08029197080291971,0.07948094079480941,0.16463909164639093,0.0186536901865369,0.046228710462287104,0.012165450121654502,0.0454176804541768,0.004866180048661801,0.009732360097323601,0.0170316301703163,0.019464720194647202,0.0186536901865369,0.05596107055961071,0.04866180048661801,0.042984590429845905,0.030819140308191405
2025-04-08,0.1133768352365416,0.11011419249592169,0.08401305057096248,0.08809135399673736,0.07911908646003263,0.15171288743882544,0.024469820554649267,0.05138662316476346,0.01794453507340946,0.04567699836867863,0.00897226753670473,0.011419249592169658,0.018760195758564437,0.02202283849918434,0.01468189233278956,0.0464926590538336,0.04812398042414356,0.03833605220228385,0.02528548123980424
2025-04-09,0.12071778140293637,0.1068515497553018,0.07504078303425775,0.07911908646003263,0.07911908646003263,0.15252854812398042,0.020391517128874388,0.04812398042414356,0.017128874388254486,0.04567699836867863,0.011419249592169658,0.008156606851549755,0.01957585644371941,0.015497553017944535,0.02365415986949429,0.05301794453507341,0.049755301794453505,0.0432300163132137,0.03099510603588907
2025-04-10,0.12591389114541024,0.11454102355808286,0.07717303005686434,0.07798537774167344,0.07961007311129163,0.15597075548334688,0.020308692120227456,0.045491470349309504,0.016246953696181964,0.047116165718927704,0.008935824532900082,0.007311129163281885,0.017059301380991064,0.01949634443541836,0.020308692120227456,0.050365556458164096,0.045491470349309504,0.041429731925264016,0.02924451665312754
2025-04-11,0.11554109031733116,0.10984540276647681,0.07811228641171684,0.08624898291293735,0.07973962571196094,0.1594792514239219,0.015459723352318959,0.04800650935720097,0.013832384052074858,0.045565500406834825,0.009764035801464606,0.009764035801464606,0.014646053702196907,0.01790073230268511,0.01871440195280716,0.05451586655817738,0.047192839707078924,0.045565500406834825,0.030105777054515868
2025-04-14,0.1104746317512275,0.11783960720130933,0.08428805237315876,0.08019639934533551,0.07692307692307693,0.1579378068739771,0.019639934533551555,0.05073649754500818,0.016366612111292964,0.045008183306055646,0.009819967266775777,0.012274959083469721,0.016366612111292964,0.020458265139116204,0.020458265139116204,0.046644844517184945,0.041734860883797055,0.04582651391162029,0.027004909983633387
2025-04-15,0.11283728536385937,0.1169255928045789,0.08258381030253475,0.08340147179067865,0.07031888798037612,0.15126737530662307,0.02125919869174162,0.04987735077677841,0.011447260834014717,0.044971381847914965,0.009811937857726901,0.011447260834014717,0.013900245298446443,0.018806214227309895,0.022076860179885527,0.056418642681929684,0.047424366312346686,0.047424366312346686,0.027800490596892886
2025-04-16,0.12211221122112212,0.10891089108910891,0.07508250825082509,0.07755775577557755,0.07920792079207921,0.15676567656765678,0.022277227722772276,0.0462046204620462,0.0165016501650165,0.04867986798679868,0.009900990099009901,0.005775577557755775,0.017326732673267328,0.02145214521452145,0.02145214521452145,0.05033003300330033,0.04537953795379538,0.0429042904290429,0.03217821782178218
2025-04-17,0.11510204081632654,0.11836734693877551,0.07265306122448979,0.08653061224489796,0.08,0.1526530612244898,0.02040816326530612,0.0473469387755102,0.015510204081632653,0.04897959183673469,0.010612244897959184,0.012244897959183673,0.015510204081632653,0.019591836734693877,0.017142857142857144,0.05061224489795919,0.04244897959183674,0.04326530612244898,0.031020408163265307
2025-04-18,0.12163265306122449,0.11346938775510204,0.07346938775510205,0.0783673469387755,0.08489795918367347,0.15755102040816327,0.022040816326530613,0.04653061224489796,0.017142857142857144,0.04979591836734694,0.00816326530612245,0.015510204081632653,0.011428571428571429,0.022040816326530613,0.02040816326530612,0.04653061224489796,0.04081632653061224,0.03836734693877551,0.03183673469387755
2025-04-21,0.1199021207177814,0.11174551386623165,0.08075040783034258,0.08401305057096248,0.0799347471451876,0.15089722675367048,0.01957585644371941,0.05138662316476346,0.012234910277324634,0.052202283849918436,0.009787928221859706,0.009787928221859706,0.012234910277324634,0.017128874388254486,0.01957585644371941,0.048939641109298535,0.04567699836867863,0.04404567699836868,0.030179445350734094
2025-04-22,0.1237785016286645,0.11319218241042345,0.07654723127035831,0.0749185667752443,0.07980456026058631,0.15228013029315962,0.02280130293159609,0.04804560260586319,0.015472312703583062,0.04804560260586319,0.010586319218241042,0.008957654723127036,0.008957654723127036,0.02035830618892508,0.025244299674267102,0.05374592833876222,0.04804560260586319,0.041530944625407164,0.02768729641693811
2025-04-23,0.11074918566775244,0.10830618892508144,0.07980456026058631,0.08143322475570032,0.08061889250814332,0.15960912052117263,0.02687296416938111,0.0496742671009772,0.014657980456026058,0.0496742671009772,0.011400651465798045,0.014657980456026058,0.013843648208469055,0.017915309446254073,0.017915309446254073,0.046416938110749185,0.04315960912052117,0.04560260586319218,0.02768729641693811
2025-04-24,0.12,0.11428571428571428,0.08,0.08,0.07346938775510205,0.14775510204081632,0.026122448979591838,0.04897959183673469,0.017959183673469388,0.04979591836734694,0.011428571428571429,0.00816326530612245,0.014693877551020407,0.014693877551020407,0.018775510204081632,0.045714285714285714,0.04653061224489796,0.04816326530612245,0.03346938775510204
2025-04-25,0.11716842961757526,0.11798209926769732,0.0821806346623271,0.08462164361269324,0.07729861676159479,0.15459723352318958,0.029292107404393815,0.044751830756712775,0.01627339300244101,0.04963384865744508,0.008950366151342554,0.008950366151342554,0.015459723352318959,0.01871440195280716,0.014646053702196907,0.045565500406834825,0.047192839707078924,0.03661513425549227,0.030105777054515868
2025-04-28,0.11156022635408246,0.10832659660468877,0.07841552142279709,0.08649959579628133,0.07518189167340339,0.15844785772029102,0.030719482619240096,0.04688763136620857,0.012934518997574777,0.04850444624090541,0.0064672594987873885,0.012126111560226353,0.014551333872271624,0.02021018593371059,0.015359741309620048,0.0549717057396928,0.046079223928860144,0.04688763136620857,0.025869037995149554
2025-04-29,0.11237785016286644,0.11726384364820847,0.07980456026058631,0.07899022801302931,0.07899022801302931,0.16530944625407165,0.02280130293159609,0.04560260586319218,0.016286644951140065,0.05863192182410423,0.007328990228013029,0.008143322475570033,0.017915309446254073,0.017915309446254073,0.017915309446254073,0.04478827361563518,0.04071661237785016,0.04478827361563518,0.024429967426710098
2025-04-30,0.10139002452984465,0.11447260834014718,0.08094848732624693,0.08340147179067865,0.08176614881439084,0.15944399018806213,0.02044153720359771,0.05233033524121014,0.019623875715453803,0.0482420278004906,0.008994276369582993,0.014717906786590351,0.014717906786590351,0.017988552739165987,0.014717906786590351,0.05233033524121014,0.03515944399018806,0.0482420278004906,0.03107113654946852
2025-05-06,0.11156351791530944,0.11400651465798045,0.0732899022801303,0.08143322475570032,0.08143322475570032,0.16042345276872963,0.018729641693811076,0.050488599348534204,0.013029315960912053,0.05130293159609121,0.009771986970684038,0.010586319218241042,0.014657980456026058,0.021172638436482084,0.021172638436482084,0.04804560260586319,0.043973941368078175,0.046416938110749185,0.028501628664495113
2025-05-07,0.10638297872340426,0.11211129296235679,0.08101472995090016,0.08265139116202946,0.08265139116202946,0.16366612111292964,0.028641571194762683,0.04991816693944354,0.018821603927986905,0.04991816693944354,0.007364975450081833,0.01309328968903437,0.015548281505728314,0.02127659574468085,0.010638297872340425,0.04828150572831424,0.03436988543371522,0.045008183306055646,0.028641571194762683
2025-05-08,0.11807817589576547,0.10993485342019543,0.08550488599348534,0.0781758957654723,0.07654723127035831,0.15960912052117263,0.026058631921824105,0.0496742671009772,0.010586319218241042,0.04478827361563518,0.009771986970684038,0.012214983713355049,0.013843648208469055,0.021172638436482084,0.01710097719869707,0.05537459283387622,0.039902280130293157,0.04071661237785016,0.030944625407166124
2025-05-09,0.11389337641357028,0.10420032310177706,0.07673667205169628,0.08481421647819062,0.07673667205169628,0.1591276252019386,0.024232633279483037,0.04604200323101777,0.016962843295638127,0.050080775444264945,0.006462035541195477,0.01615508885298869,0.015347334410339256,0.020193861066235864,0.017770597738287562,0.05654281098546042,0.04361873990306947,0.0444264943457189,0.02665589660743134
2025-05-12,0.11563517915309446,0.11074918566775244,0.07736156351791532,0.08306188925081433,0.0749185667752443,0.15146579804560262,0.02687296416938111,0.04723127035830619,0.01710097719869707,0.050488599348534204,0.009771986970684038,0.012214983713355049,0.017915309446254073,0.023615635179153095,0.019543973941368076,0.050488599348534204,0.03908794788273615,0.046416938110749185,0.026058631921824105
2025-05-13,0.10445344129554655,0.1076923076923077,0.0728744939271255,0.07530364372469636,0.07530364372469636,0.15789473684210525,0.027530364372469637,0.055870445344129556,0.01862348178137652,0.05101214574898785,0.013765182186234818,0.017813765182186234,0.013765182186234818,0.017813765182186234,0.021052631578947368,0.04696356275303644,0.04291497975708502,0.04696356275303644,0.032388663967611336
2025-05-14,0.10904684975767366,0.1098546042003231,0.0791599353796446,0.07835218093699516,0.0840064620355412,0.15347334410339256,0.025848142164781908,0.046849757673667204,0.020193861066235864,0.05411954765751212,0.012116316639741519,0.015347334410339256,0.009693053311793215,0.018578352180936994,0.014539579967689823,0.05411954765751212,0.03877221324717286,0.046849757673667204,0.029079159935379646
2025-05-15,0.10804224207961008,0.11129163281884646,0.07717303005686434,0.08448415922014622,0.08367181153533712,0.16165718927701056,0.024370430544272948,0.047116165718927704,0.016246953696181964,0.0479285134037368,0.008123476848090982,0.01462225832656377,0.015434606011372868,0.021121039805036556,0.01868399675060926,0.04955320877335499,0.03574329813160033,0.048740861088545896,0.025995125913891144
2025-05-16,0.11012861736334405,0.10048231511254019,0.08118971061093247,0.0860128617363344,0.08440514469453377,0.1535369774919614,0.023311897106109324,0.05144694533762058,0.01527331189710611,0.04903536977491962,0.013665594855305467,0.013665594855305467,0.02009646302250804,0.016881028938906754,0.012861736334405145,0.0522508038585209,0.03938906752411576,0.05064308681672026,0.02572347266881029
2025-05-19,0.10766721044045677,0.11011419249592169,0.07911908646003263,0.08564437194127243,0.08238172920065252,0.1533442088091354,0.02202283849918434,0.05057096247960848,0.020391517128874388,0.05057096247960848,0.010603588907014683,0.012234910277324634,0.013050570962479609,0.018760195758564437,0.010603588907014683,0.049755301794453505,0.04404567699836868,0.04730831973898858,0.03181076672104405
2025-05-20,0.11637239165329052,0.11476725521669343,0.08025682182985554,0.07945425361155699,0.08667736757624397,0.1508828250401284,0.02247191011235955,0.0521669341894061,0.012841091492776886,0.05056179775280899,0.008025682182985553,0.014446227929373997,0.018459069020866775,0.019261637239165328,0.014446227929373997,0.04333868378812199,0.038523274478330656,0.045746388443017656,0.03130016051364366
2025-05-21,0.1100244498777506,0.1100244498777506,0.07579462102689487,0.08557457212713937,0.07905460472697637,0.15403422982885084,0.02444987775061125,0.05215973920130399,0.018744906275468622,0.0488997555012225,0.008149959250203748,0.014669926650366748,0.014669926650366748,0.017929910350448247,0.016299918500407497,0.05215973920130399,0.040749796251018745,0.04156479217603912,0.03504482477587612
2025-05-22,0.11931818181818182,0.1112012987012987,0.08198051948051949,0.07224025974025974,0.07873376623376624,0.15178571428571427,0.026785714285714284,0.048701298701298704,0.013798701298701298,0.05357142857142857,0.011363636363636364,0.012175324675324676,0.018668831168831168,0.021103896103896104,0.016233766233766232,0.052759740259740256,0.03977272727272727,0.04301948051948052,0.026785714285714284
2025-05-23,0.107457898957498,0.1090617481956696,0.07698476343223737,0.08340016038492382,0.08340016038492382,0.15717722534081796,0.024859663191659984,0.05292702485966319,0.011226944667201283,0.061748195669607056,0.007217321571772253,0.012830793905372895,0.015236567762630313,0.014434643143544507,0.020048115477145148,0.05052125100240577,0.038492381716118684,0.04330392943063352,0.02967121090617482
2025-05-26,0.11960943856794141,0.11228641171684296,0.07892595606183889,0.08624898291293735,0.07892595606183889,0.1562245728234337,0.029292107404393815,0.05044751830756713,0.012205044751830757,0.05044751830756713,0.008950366151342554,0.013832384052074858,0.013832384052074858,0.013832384052074858,0.014646053702196907,0.04963384865744508,0.03905614320585842,0.045565500406834825,0.026037428803905614
2025-05-27,0.1076051779935275,0.11650485436893204,0.0784789644012945,0.07928802588996764,0.08414239482200647,0.15776699029126215,0.023462783171521034,0.049352750809061485,0.010517799352750809,0.05339805825242718,0.00889967637540453,0.013754045307443365,0.012944983818770227,0.013754045307443365,0.025080906148867314,0.05177993527508091,0.038834951456310676,0.04692556634304207,0.02750809061488673
2025-05-28,0.11256117455138662,0.11908646003262642,0.08564437194127243,0.08238172920065252,0.07830342577487764,0.1566068515497553,0.024469820554649267,0.0432300163132137,0.017128874388254486,0.05628058727569331,0.00897226753670473,0.015497553017944535,0.010603588907014683,0.017128874388254486,0.017128874388254486,0.044861337683523655,0.040783034257748776,0.0432300163132137,0.026101141924959218
2025-05-29,0.1100244498777506,0.11735941320293398,0.07986960065199673,0.07742461287693561,0.08231458842705787,0.15158924205378974,0.02689486552567237,0.05541972290138549,0.015484922575387123,0.05541972290138549,0.007334963325183374,0.013854930725346373,0.014669926650366748,0.020374898125509373,0.013854930725346373,0.04482477587612062,0.039119804400977995,0.044009779951100246,0.03015484922575387
2025-05-30,0.11482084690553745,0.10423452768729642,0.08143322475570032,0.07654723127035831,0.09039087947882736,0.1563517915309446,0.02687296416938111,0.04723127035830619,0.012214983713355049,0.05374592833876222,0.008143322475570033,0.010586319218241042,0.012214983713355049,0.021986970684039087,0.02280130293159609,0.050488599348534204,0.03257328990228013,0.04723127035830619,0.03013029315960912
2025-06-03,0.11947626841243862,0.11538461538461539,0.0851063829787234,0.08183306055646482,0.08428805237315876,0.1546644844517185,0.023731587561374796,0.049099836333878884,0.01800327332242226,0.05073649754500818,0.007364975450081833,0.01718494271685761,0.00900163666121113,0.018821603927986905,0.01800327332242226,0.04582651391162029,0.036824877250409165,0.041734860883797055,0.022913256955810146
2025-06-04,0.1100244498777506,0.11572942135289324,0.07986960065199673,0.08312958435207823,0.08394458027709861,0.1621841890790546,0.02444987775061125,0.04726976365118175,0.015484922575387123,0.05134474327628362,0.009779951100244499,0.014669926650366748,0.012224938875305624,0.023634881825590873,0.014669926650366748,0.04726976365118175,0.03830480847595762,0.03830480847595762,0.027709861450692746
2025-06-05,0.11731391585760517,0.11326860841423948,0.07524271844660194,0.08656957928802589,0.0889967637540453,0.13915857605177995,0.0186084142394822,0.04854368932038835,0.01779935275080906,0.049352750809061485,0.0186084142394822,0.012944983818770227,0.012135922330097087,0.020226537216828478,0.021035598705501618,0.043689320388349516,0.0412621359223301,0.04692556634304207,0.02831715210355987
2025-06-06,0.11544715447154472,0.11382113821138211,0.08292682926829269,0.07479674796747968,0.08536585365853659,0.15365853658536585,0.023577235772357725,0.052845528455284556,0.01869918699186992,0.05365853658536585,0.011382113821138212,0.014634146341463415,0.012195121951219513,0.01788617886178862,0.016260162601626018,0.043089430894308944,0.04390243902439024,0.04227642276422764,0.023577235772357725
2025-06-09,0.1176948051948052,0.125,0.07386363636363637,0.07954545454545454,0.07954545454545454,0.14853896103896103,0.025162337662337664,0.05113636363636364,0.012175324675324676,0.052759740259740256,0.010551948051948052,0.016233766233766232,0.013798701298701298,0.01461038961038961,0.01948051948051948,0.048701298701298704,0.045454545454545456,0.04220779220779221,0.02353896103896104
2025-06-10,0.11354420113544202,0.11354420113544202,0.07623682076236821,0.07380373073803731,0.09245742092457421,0.1467964314679643,0.021897810218978103,0.051094890510948905,0.014598540145985401,0.050283860502838604,0.0113544201135442,0.014598540145985401,0.013787510137875101,0.0186536901865369,0.023519870235198703,0.050283860502838604,0.042173560421735604,0.0454176804541768,0.025952960259529603
2025-06-11,0.11345218800648298,0.11912479740680713,0.06807131280388978,0.0753646677471637,0.08184764991896272,0.1547811993517018,0.025121555915721232,0.055915721231766614,0.019448946515397084,0.055105348460291734,0.01053484602917342,0.012155591572123177,0.013776337115072933,0.02188006482982172,0.013776337115072933,0.05186385737439222,0.03727714748784441,0.046191247974068074,0.024311183144246355
2025-06-12,0.11854838709677419,0.11048387096774194,0.075,0.08306451612903226,0.08387096774193549,0.15241935483870966,0.02661290322580645,0.050806451612903224,0.014516129032258065,0.055645161290322584,0.007258064516129033,0.012096774193548387,0.016129032258064516,0.020967741935483872,0.014516129032258065,0.05241935483870968,0.036290322580645164,0.04435483870967742,0.025
2025-06-13,0.11129032258064517,0.10806451612903226,0.07822580645161291,0.09112903225806451,0.08629032258064516,0.15,0.02338709677419355,0.05161290322580645,0.012903225806451613,0.05403225806451613,0.012903225806451613,0.008870967741935484,0.016935483870967744,0.017741935483870968,0.017741935483870968,0.050806451612903224,0.041935483870967745,0.043548387096774194,0.02258064516129032
2025-06-16,0.11219512195121951,0.11707317073170732,0.07967479674796749,0.08211382113821138,0.08130081300813008,0.16016260162601625,0.023577235772357725,0.05040650406504065,0.016260162601626018,0.056910569105691054,0.008130081300813009,0.012195121951219513,0.01788617886178862,0.01707317073170732,0.013008130081300813,0.04390243902439024,0.03333333333333333,0.05203252032520325,0.022764227642276424
2025-06-17,0.1192214111922141,0.10462287104622871,0.08029197080291971,0.08759124087591241,0.08596918085969181,0.15004055150040552,0.023519870235198703,0.046228710462287104,0.012165450121654502,0.054339010543390104,0.0072992700729927005,0.012976480129764802,0.019464720194647202,0.0170316301703163,0.012165450121654502,0.05271695052716951,0.040551500405515,0.047850770478507706,0.025952960259529603
2025-06-18,0.11783960720130933,0.1088379705400982,0.07528641571194762,0.08592471358428805,0.08346972176759411,0.16121112929623568,0.0220949263502455,0.05155482815057283,0.012274959083469721,0.05155482815057283,0.006546644844517185,0.014729950900163666,0.016366612111292964,0.019639934533551555,0.013911620294599018,0.05564648117839607,0.03436988543371522,0.04582651391162029,0.022913256955810146
2025-06-19,0.11449752883031301,0.11696869851729819,0.07742998352553541,0.07990115321252059,0.0757825370675453,0.15074135090609556,0.02471169686985173,0.048599670510708404,0.018945634266886325,0.051070840197693576,0.011532125205930808,0.018121911037891267,0.015650741350906095,0.023064250411861616,0.014827018121911038,0.04695222405271829,0.04036243822075782,0.045304777594728174,0.025535420098846788
2025-06-20,0.11798209926769732,0.11228641171684296,0.07811228641171684,0.08136696501220504,0.07973962571196094,0.15703824247355574,0.023596419853539462,0.047192839707078924,0.012205044751830757,0.05451586655817738,0.012205044751830757,0.014646053702196907,0.013018714401952807,0.026851098454027666,0.013832384052074858,0.05126118795768918,0.043938161106590726,0.04231082180634662,0.01790073230268511
2025-06-23,0.11201298701298701,0.12012987012987013,0.0689935064935065,0.08441558441558442,0.07711038961038962,0.1599025974025974,0.030844155844155844,0.048701298701298704,0.016233766233766232,0.05762987012987013,0.008928571428571428,0.015422077922077922,0.012987012987012988,0.02353896103896104,0.015422077922077922,0.041396103896103896,0.03409090909090909,0.04707792207792208,0.025162337662337664
2025-06-24,0.11912479740680713,0.11588330632090761,0.08508914100486224,0.08670988654781199,0.08022690437601297,0.15316045380875204,0.025121555915721232,0.046191247974068074,0.01539708265802269,0.04700162074554295,0.011345218800648298,0.012965964343598054,0.013776337115072933,0.019448946515397084,0.011345218800648298,0.04213938411669368,0.04213938411669368,0.04943273905996758,0.023500810372771474
2025-06-25,0.12101390024529844,0.11365494685200327,0.08340147179067865,0.07931316434995912,0.07849550286181521,0.16271463614063778,0.02125919869174162,0.056418642681929684,0.013900245298446443,0.04987735077677841,0.012264922322158627,0.013900245298446443,0.012264922322158627,0.022894521668029435,0.014717906786590351,0.044153720359771054,0.033524121013900246,0.041700735895339326,0.024529844644317254
2025-06-26,0.11711711711711711,0.11957411957411958,0.08271908271908272,0.08763308763308764,0.085995085995086,0.1457821457821458,0.020475020475020474,0.049959049959049956,0.009828009828009828,0.05405405405405406,0.009009009009009009,0.013923013923013924,0.013104013104013105,0.0171990171990172,0.011466011466011465,0.05405405405405406,0.036855036855036855,0.04586404586404586,0.025389025389025387
2025-06-27,0.12570965125709652,0.1151662611516626,0.07785888077858881,0.0786699107866991,0.0851581508515815,0.14760746147607462,0.0227088402270884,0.0494728304947283,0.014598540145985401,0.054339010543390104,0.0113544201135442,0.013787510137875101,0.013787510137875101,0.021897810218978103,0.017842660178426603,0.050283860502838604,0.0332522303325223,0.042173560421735604,0.024330900243309004
2025-06-30,0.12357723577235773,0.11300813008130081,0.08211382113821138,0.08211382113821138,0.07804878048780488,0.15365853658536585,0.027642276422764227,0.04878048780487805,0.013821138211382113,0.04878048780487805,0.007317073170731708,0.013821138211382113,0.01788617886178862,0.01951219512195122,0.01707317073170732,0.04796747967479675,0.036585365853658534,0.044715447154471545,0.023577235772357725
2025-07-01,0.11912479740680713,0.1126418152350081,0.08103727714748785,0.07779578606158834,0.08427876823338736,0.15640194489465153,0.02674230145867099,0.05429497568881685,0.011345218800648298,0.04943273905996758,0.006482982171799027,0.011345218800648298,0.017828200972447326,0.017828200972447326,0.018638573743922204,0.04943273905996758,0.04294975688816856,0.04213938411669368,0.02025931928687196
2025-07-02,0.12022745735174654,0.11372867587327376,0.07473598700243704,0.08042242079610074,0.08123476848090982,0.14947197400487408,0.026807473598700244,0.05199025182778229,0.012185215272136474,0.056051990251827784,0.017059301380991064,0.012997562956945572,0.01380991064175467,0.023558082859463852,0.010560519902518278,0.0463038180341186,0.041429731925264016,0.04305442729488221,0.024370430544272948
2025-07-03,0.11435523114355231,0.11435523114355231,0.08353609083536091,0.0827250608272506,0.08191403081914031,0.15328467153284672,0.0227088402270884,0.05190592051905921,0.013787510137875101,0.05190592051905921,0.008921330089213302,0.012165450121654502,0.0113544201135442,0.021897810218978103,0.014598540145985401,0.054339010543390104,0.0373073803730738,0.04866180048661801,0.0202757502027575
2025-07-04,0.12459016393442623,0.10573770491803279,0.07704918032786885,0.07704918032786885,0.08114754098360656,0.15081967213114755,0.027049180327868853,0.05491803278688524,0.012295081967213115,0.051639344262295085,0.010655737704918032,0.01639344262295082,0.01721311475409836,0.022950819672131147,0.009836065573770493,0.051639344262295085,0.040983606557377046,0.04180327868852459,0.02622950819672131
2025-07-07,0.12101390024529844,0.10956663941128372,0.08340147179067865,0.08830744071954211,0.0776778413736713,0.15126737530662307,0.032706459525756335,0.050695012264922325,0.01062959934587081,0.050695012264922325,0.008994276369582993,0.014717906786590351,0.016353229762878167,0.02044153720359771,0.011447260834014717,0.044971381847914965,0.04088307440719542,0.044153720359771054,0.022076860179885527
2025-07-08,0.11688311688311688,0.10714285714285714,0.07792207792207792,0.08603896103896104,0.07954545454545454,0.16883116883116883,0.021103896103896104,0.05032467532467533,0.012175324675324676,0.04301948051948052,0.00974025974025974,0.015422077922077922,0.017045454545454544,0.018668831168831168,0.010551948051948052,0.04788961038961039,0.04301948051948052,0.044642857142857144,0.030032467532467532
2025-07-09,0.1236603462489695,0.11376751854905194,0.07666941467436109,0.08408903544929926,0.0832646331409728,0.14591920857378401,0.0247320692497939,0.057708161582852434,0.009068425391591096,0.05276174773289365,0.009068425391591096,0.01483924154987634,0.00989282769991756,0.023083264633140973,0.013190436933223413,0.05276174773289365,0.04204451772464963,0.043693322341302555,0.01978565539983512
2025-07-10,0.11165048543689321,0.10194174757281553,0.0744336569579288,0.08171521035598706,0.08333333333333333,0.16019417475728157,0.03559870550161812,0.05339805825242718,0.012135922330097087,0.04692556634304207,0.0056634304207119745,0.014563106796116505,0.013754045307443365,0.022653721682847898,0.015372168284789644,0.052588996763754045,0.038834951456310676,0.045307443365695796,0.029935275080906147
2025-07-11,0.12397372742200329,0.11904761904761904,0.07881773399014778,0.07389162561576355,0.0812807881773399,0.15188834154351397,0.024630541871921183,0.05008210180623974,0.010673234811165846,0.05582922824302135,0.010673234811165846,0.012315270935960592,0.012315270935960592,0.023809523809523808,0.0180623973727422,0.04433497536945813,0.03940886699507389,0.0451559934318555,0.023809523809523808
2025-07-14,0.12325390304026294,0.10928512736236648,0.07559572719802794,0.08216926869350863,0.07970419063270337,0.1495480690221857,0.027937551355792935,0.05012325390304026,0.015612161051766639,0.05751848808545604,0.00657354149548069,0.012325390304026294,0.01314708299096138,0.024650780608052588,0.01972062448644207,0.04519309778142974,0.03944124897288414,0.04272801972062449,0.025472473294987676
2025-07-15,0.1100244498777506,0.10594947025264874,0.07986960065199673,0.08312958435207823,0.07823960880195599,0.15892420537897312,0.026079869600651995,0.05052974735126324,0.008149959250203748,0.05134474327628362,0.006519967400162999,0.011409942950285249,0.017929910350448247,0.022004889975550123,0.021189894050529748,0.05704971475142624,0.035859820700896494,0.05052974735126324,0.02526487367563162
2025-07-16,0.10491803278688525,0.1040983606557377,0.08032786885245902,0.08196721311475409,0.0860655737704918,0.1581967213114754,0.030327868852459017,0.04672131147540984,0.014754098360655738,0.05081967213114754,0.007377049180327869,0.013934426229508197,0.013114754098360656,0.021311475409836064,0.014754098360655738,0.05327868852459016,0.045081967213114756,0.04836065573770492,0.02459016393442623
2025-07-17,0.12337662337662338,0.10551948051948051,0.08198051948051949,0.0836038961038961,0.08441558441558442,0.14935064935064934,0.025974025974025976,0.05113636363636364,0.00974025974025974,0.05032467532467533,0.008116883116883116,0.011363636363636364,0.016233766233766232,0.018668831168831168,0.021915584415584416,0.04707792207792208,0.040584415584415584,0.041396103896103896,0.02922077922077922
2025-07-18,0.11827079934747145,0.10929853181076672,0.0799347471451876,0.07911908646003263,0.08890701468189233,0.15171288743882544,0.02773246329526917,0.05057096247960848,0.015497553017944535,0.052202283849918436,0.00897226753670473,0.009787928221859706,0.009787928221859706,0.022838499184339316,0.01794453507340946,0.048939641109298535,0.0367047308319739,0.04730831973898858,0.024469820554649267
2025-07-21,0.11702986279257466,0.1089588377723971,0.07909604519774012,0.07909604519774012,0.08313155770782889,0.15334947538337368,0.02744148506860371,0.05004035512510089,0.01533494753833737,0.05407586763518967,0.00887812752219532,0.013720742534301856,0.008071025020177562,0.023405972558514933,0.021791767554479417,0.04439063761097659,0.041969330104923326,0.042776432606941084,0.02744148506860371
2025-07-22,0.12064777327935222,0.10607287449392712,0.07044534412955465,0.07935222672064778,0.08663967611336032,0.14817813765182186,0.03319838056680162,0.04696356275303644,0.012955465587044534,0.05020242914979757,0.008097165991902834,0.015384615384615385,0.012145748987854251,0.022672064777327937,0.02348178137651822,0.05344129554655871,0.03562753036437247,0.05101214574898785,0.02348178137651822
2025-07-23,0.11174551386623165,0.10603588907014681,0.07504078303425775,0.08482871125611746,0.08156606851549755,0.15742251223491027,0.02936378466557912,0.05138662316476346,0.015497553017944535,0.05301794453507341,0.011419249592169658,0.01794453507340946,0.008156606851549755,0.01957585644371941,0.018760195758564437,0.048939641109298535,0.037520391517128875,0.04730831973898858,0.024469820554649267
2025-07-24,0.11057304277643261,0.1016949152542373,0.07183212267958031,0.0847457627118644,0.08313155770782889,0.16868442292171107,0.033091202582728005,0.04600484261501211,0.01533494753833737,0.053268765133171914,0.010492332526230832,0.014527845036319613,0.011299435028248588,0.021791767554479417,0.018563357546408393,0.04116222760290557,0.04600484261501211,0.046811945117029866,0.020984665052461663
2025-07-25,0.12009803921568628,0.10212418300653595,0.0857843137254902,0.07598039215686274,0.08496732026143791,0.16013071895424835,0.02369281045751634,0.05065359477124183,0.013071895424836602,0.05555555555555555,0.006535947712418301,0.015522875816993464,0.008986928104575163,0.018790849673202614,0.02042483660130719,0.04003267973856209,0.049019607843137254,0.0457516339869281,0.02287581699346405
2025-07-28,0.12306438467807661,0.10105949470252648,0.07905460472697637,0.08557457212713937,0.08720456397718011,0.1532192339038305,0.02444987775061125,0.04808475957620212,0.013039934800325998,0.05215973920130399,0.007334963325183374,0.013854930725346373,0.012224938875305624,0.020374898125509373,0.020374898125509373,0.04645476772616137,0.04156479217603912,0.04482477587612062,0.026079869600651995
2025-07-29,0.10199004975124377,0.1077943615257048,0.0779436152570481,0.08208955223880597,0.087893864013267,0.16169154228855723,0.024875621890547265,0.04560530679933665,0.01658374792703151,0.05472636815920398,0.004975124378109453,0.011608623548922056,0.01077943615257048,0.02570480928689884,0.024875621890547265,0.04809286898839138,0.0406301824212272,0.0472636815920398,0.024875621890547265
2025-07-30,0.11894995898277276,0.10746513535684987,0.07465135356849877,0.08695652173913043,0.08203445447087777,0.15914684167350288,0.02132895816242822,0.05086136177194422,0.018867924528301886,0.05578342904019688,0.008203445447087777,0.01066447908121411,0.01066447908121411,0.015586546349466776,0.016406890894175553,0.04922067268252666,0.04265791632485644,0.044298605414273995,0.026251025430680888
2025-07-31,0.1174055829228243,0.1116584564860427,0.07963875205254516,0.08702791461412152,0.07881773399014778,0.15845648604269294,0.025451559934318555,0.05090311986863711,0.013136288998357963,0.05665024630541872,0.0090311986863711,0.0090311986863711,0.011494252873563218,0.017241379310344827,0.019704433497536946,0.034482758620689655,0.034482758620689655,0.052545155993431854,0.03284072249589491
2025-08-01,0.12715340442986053,0.10418375717801477,0.08695652173913043,0.081214109926169,0.08367514356029532,0.16324856439704677,0.022969647251845776,0.0475799835931091,0.017227235438884332,0.05004101722723544,0.007383100902378999,0.012305168170631665,0.007383100902378999,0.022149302707136997,0.017227235438884332,0.044298605414273995,0.04019688269073011,0.04265791632485644,0.022149302707136997
2025-08-04,0.12113821138211382,0.108130081300813,0.08048780487804878,0.07642276422764227,0.08130081300813008,0.15691056910569107,0.025203252032520326,0.04878048780487805,0.013821138211382113,0.055284552845528454,0.01056910569105691,0.013821138211382113,0.00975609756097561,0.026016260162601626,0.014634146341463415,0.044715447154471545,0.04065040650406504,0.05040650406504065,0.02195121951219512
2025-08-05,0.11794019933554817,0.10631229235880399,0.08388704318936877,0.08388704318936877,0.08554817275747509,0.1536544850498339,0.020764119601328904,0.0473421926910299,0.009966777408637873,0.05647840531561462,0.009136212624584718,0.012458471760797342,0.01079734219269103,0.019933554817275746,0.019933554817275746,0.03571428571428571,0.044850498338870434,0.058970099667774084,0.022425249169435217
2025-08-06,0.11788953009068426,0.10634789777411377,0.0807914262159934,0.08408903544929926,0.08161582852431987,0.169002473206925,0.023083264633140973,0.051112943116240726,0.013190436933223413,0.05028854080791426,0.01483924154987634,0.014014839241549877,0.004122011541632316,0.018136850783182192,0.013190436933223413,0.04451772464962902,0.03957131079967024,0.05193734542456719,0.02225886232481451
2025-08-07,0.12695795548227534,0.10964550700741962,0.08656224237427865,0.07914262159934048,0.07996702390766694,0.15416323165704865,0.026380873866446827,0.05028854080791426,0.01236603462489695,0.04781533388293487,0.010717230008244023,0.010717230008244023,0.010717230008244023,0.018961253091508656,0.015663643858202802,0.05276174773289365,0.03792250618301731,0.04781533388293487,0.021434460016488046
2025-08-08,0.11908646003262642,0.10195758564437195,0.08482871125611746,0.07177814029363784,0.08075040783034258,0.16068515497553018,0.022838499184339316,0.05301794453507341,0.013866231647634585,0.05301794453507341,0.010603588907014683,0.013050570962479609,0.013866231647634585,0.017128874388254486,0.015497553017944535,0.053833605220228384,0.03833605220228385,0.04812398042414356,0.02773246329526917
2025-08-11,0.11312964492155243,0.1106523534269199,0.08422791081750619,0.08092485549132948,0.08422791081750619,0.16019818331957061,0.028901734104046242,0.0495458298926507,0.013212221304706853,0.053674649050371594,0.011560693641618497,0.007431874483897605,0.010734929810074319,0.01981833195706028,0.013212221304706853,0.04872006606110652,0.03550784475639967,0.05284888521882741,0.021469859620148638
2025-08-12,0.12572373862696443,0.10587262200165426,0.07775020678246485,0.076095947063689,0.07361455748552523,0.15798180314309346,0.03225806451612903,0.04714640198511166,0.011579818031430935,0.052109181141439205,0.007444168734491315,0.014061207609594707,0.014061207609594707,0.022332506203473945,0.017369727047146403,0.04962779156327544,0.0380479735318445,0.053763440860215055,0.02315963606286187
2025-08-13,0.12377049180327869,0.10327868852459017,0.08524590163934426,0.08196721311475409,0.08114754098360656,0.16475409836065574,0.022131147540983605,0.05327868852459016,0.00819672131147541,0.05245901639344262,0.010655737704918032,0.011475409836065573,0.009836065573770493,0.01639344262295082,0.01639344262295082,0.04590163934426229,0.04426229508196721,0.047540983606557376,0.021311475409836064
2025-08-14,0.1222130470685384,0.10734929810074319,0.07844756399669695,0.08505367464905036,0.07679603633360858,0.1593724194880264,0.023947151114781174,0.05037159372419488,0.017341040462427744,0.054500412881915775,0.011560693641618497,0.00990916597853014,0.008257638315441783,0.023947151114781174,0.01486374896779521,0.04706853839801817,0.03550784475639967,0.0495458298926507,0.023947151114781174
2025-08-15,0.1180842279108175,0.10652353426919901,0.08092485549132948,0.08175061932287365,0.08257638315441784,0.16019818331957061,0.022295623451692816,0.05697770437654831,0.016515276630883566,0.0495458298926507,0.00990916597853014,0.014037985136251032,0.007431874483897605,0.01486374896779521,0.01486374896779521,0.05202312138728324,0.03963666391412056,0.0495458298926507,0.022295623451692816
2025-08-18,0.12078882497945768,0.10517666392769104,0.07723911257189811,0.0780608052588332,0.07559572719802794,0.16516023007395234,0.030402629416598194,0.056696795398520954,0.009860312243221035,0.04847986852917009,0.009860312243221035,0.012325390304026294,0.009038619556285949,0.021364009860312245,0.015612161051766639,0.04519309778142974,0.03944124897288414,0.05258833196384552,0.027115858668857847
2025-08-19,0.1174055829228243,0.11247947454844007,0.08374384236453201,0.07060755336617405,0.0755336617405583,0.16748768472906403,0.028735632183908046,0.06157635467980296,0.012315270935960592,0.047619047619047616,0.010673234811165846,0.009852216748768473,0.009852216748768473,0.022988505747126436,0.016420361247947456,0.04433497536945813,0.034482758620689655,0.053366174055829226,0.020525451559934318
2025-08-20,0.11365494685200327,0.10466067048242028,0.08094848732624693,0.08503679476696648,0.08094848732624693,0.1643499591169256,0.022076860179885527,0.050695012264922325,0.01062959934587081,0.05151267375306623,0.008994276369582993,0.01062959934587081,0.008176614881439084,0.024529844644317254,0.02044153720359771,0.044971381847914965,0.04251839738348324,0.053147996729354045,0.022076860179885527
2025-08-21,0.11668036154478226,0.1076417419884963,0.07888249794576828,0.08463434675431389,0.07888249794576828,0.16105176663927692,0.027115858668857847,0.05587510271158587,0.011503697617091208,0.05258833196384552,0.009038619556285949,0.007395234182415777,0.00657354149548069,0.020542317173377157,0.01725554642563681,0.04683648315529992,0.03779786359901397,0.0599835661462613,0.01972062448644207
2025-08-22,0.11286307053941909,0.11286307053941909,0.08132780082987552,0.07717842323651453,0.07883817427385892,0.15850622406639003,0.02074688796680498,0.05975103734439834,0.012448132780082987,0.051452282157676346,0.014937759336099586,0.011618257261410789,0.00995850622406639,0.021576763485477178,0.015767634854771784,0.04730290456431535,0.044813278008298756,0.04979253112033195,0.018257261410788383
2025-08-25,0.11585866885784717,0.11339359079704191,0.08463434675431389,0.08134757600657354,0.0838126540673788,0.15776499589153656,0.02218570254724733,0.05258833196384552,0.018077239112571898,0.04519309778142974,0.01314708299096138,0.009038619556285949,0.009038619556285949,0.018077239112571898,0.018077239112571898,0.04437140509449466,0.0419063270336894,0.05012325390304026,0.021364009860312245
2025-08-26,0.11857379767827529,0.10862354892205639,0.07462686567164178,0.08540630182421227,0.07960199004975124,0.15920398009950248,0.022388059701492536,0.05472636815920398,0.01658374792703151,0.0538971807628524,0.011608623548922056,0.01077943615257048,0.005804311774461028,0.024875621890547265,0.00912106135986733,0.04892205638474295,0.03897180762852405,0.05472636815920398,0.02155887230514096
2025-08-27,0.11877076411960133,0.11295681063122924,0.08388704318936877,0.08305647840531562,0.08803986710963455,0.15780730897009967,0.02574750830564784,0.05232558139534884,0.012458471760797342,0.054817275747508304,0.006644518272425249,0.011627906976744186,0.007475083056478406,0.01910299003322259,0.013289036544850499,0.04235880398671096,0.04401993355481727,0.04817275747508306,0.01744186046511628
2025-08-28,0.12209302325581395,0.10465116279069768,0.08222591362126246,0.08222591362126246,0.07890365448504984,0.1536544850498339,0.020764119601328904,0.05398671096345515,0.014119601328903655,0.053156146179401995,0.013289036544850499,0.012458471760797342,0.009966777408637873,0.023255813953488372,0.012458471760797342,0.04401993355481727,0.03903654485049834,0.05813953488372093,0.02159468438538206
2025-08-29,0.125,0.11101973684210527,0.0805921052631579,0.08963815789473684,0.07894736842105263,0.15460526315789475,0.023026315789473683,0.05674342105263158,0.011513157894736841,0.04851973684210526,0.007401315789473684,0.013157894736842105,0.013157894736842105,0.02055921052631579,0.013980263157894737,0.04523026315789474,0.038651315789473686,0.047697368421052634,0.02055921052631579
2025-09-01,0.11716171617161716,0.11303630363036303,0.07838283828382839,0.07178217821782178,0.08250825082508251,0.16419141914191418,0.026402640264026403,0.054455445544554455,0.014026402640264026,0.04537953795379538,0.010726072607260726,0.01485148514851485,0.00825082508250825,0.018151815181518153,0.018151815181518153,0.04537953795379538,0.039603960396039604,0.054455445544554455,0.0231023102310231
2025-09-02,0.11960132890365449,0.11794019933554817,0.08222591362126246,0.07807308970099668,0.07724252491694353,0.1611295681063123,0.024916943521594685,0.057308970099667775,0.016611295681063124,0.049003322259136214,0.009136212624584718,0.01744186046511628,0.009136212624584718,0.02159468438538206,0.011627906976744186,0.03737541528239203,0.0340531561461794,0.050664451827242524,0.024916943521594685
2025-09-03,0.12243221035332785,0.11585866885784717,0.08545603944124898,0.08134757600657354,0.08052588331963846,0.1561216105176664,0.023007395234182416,0.054231717337715694,0.012325390304026294,0.047658175842235,0.010682004930156122,0.008216926869350863,0.00657354149548069,0.016433853738701727,0.010682004930156122,0.04847986852917009,0.041084634346754315,0.05587510271158587,0.023007395234182416
2025-09-04,0.11506622516556292,0.11175496688741722,0.08112582781456953,0.0836092715231788,0.0836092715231788,0.152317880794702,0.028973509933774833,0.060430463576158944,0.016556291390728478,0.048841059602649006,0.009933774834437087,0.0074503311258278145,0.009105960264900662,0.015728476821192054,0.0173841059602649,0.04304635761589404,0.03642384105960265,0.056291390728476824,0.022350993377483443
2025-09-05,0.12694512694512694,0.10728910728910729,0.08517608517608517,0.07371007371007371,0.07616707616707617,0.1638001638001638,0.018018018018018018,0.054873054873054876,0.013104013104013105,0.04832104832104832,0.004095004095004095,0.01638001638001638,0.00819000819000819,0.01638001638001638,0.018837018837018837,0.050778050778050775,0.04013104013104013,0.050778050778050775,0.02702702702702703
2025-09-08,0.11339359079704191,0.11175020542317174,0.07970419063270337,0.08792111750205424,0.08134757600657354,0.15858668857847166,0.023007395234182416,0.06162695152013147,0.015612161051766639,0.04847986852917009,0.00657354149548069,0.012325390304026294,0.009038619556285949,0.01972062448644207,0.018898931799506986,0.038619556285949055,0.03286770747740345,0.05587510271158587,0.024650780608052588
2025-09-09,0.11788953009068426,0.10634789777411377,0.08573784006595218,0.08408903544929926,0.07831821929101401,0.15251442704039572,0.021434460016488046,0.055234954657873044,0.01483924154987634,0.051112943116240726,0.010717230008244023,0.00989282769991756,0.006595218466611707,0.01978565539983512,0.016488046166529265,0.04534212695795548,0.0403957131079967,0.055234954657873044,0.028029678483099753
2025-09-10,0.11576354679802955,0.11247947454844007,0.07963875205254516,0.08620689655172414,0.07963875205254516,0.1568144499178982,0.027093596059113302,0.05582922824302135,0.012315270935960592,0.04926108374384237,0.009852216748768473,0.011494252873563218,0.007389162561576354,0.018883415435139574,0.020525451559934318,0.03776683087027915,0.03940886699507389,0.055008210180623976,0.024630541871921183
2025-09-11,0.12151067323481117,0.11083743842364532,0.08538587848932677,0.08292282430213464,0.0722495894909688,0.16748768472906403,0.025451559934318555,0.052545155993431854,0.011494252873563218,0.046798029556650245,0.008210180623973728,0.007389162561576354,0.007389162561576354,0.021346469622331693,0.016420361247947456,0.0451559934318555,0.035303776683087026,0.05172413793103448,0.030377668308702793
2025-09-12,0.1292743953294412,0.11509591326105087,0.08507089241034195,0.08340283569641367,0.0750625521267723,0.1634695579649708,0.02335279399499583,0.04920767306088407,0.010008340283569641,0.05004170141784821,0.010008340283569641,0.008340283569641367,0.007506255212677231,0.019182652210175146,0.016680567139282735,0.03836530442035029,0.03502919099249374,0.05254378648874062,0.02835696413678065
2025-09-15,0.12353923205342238,0.11853088480801335,0.08013355592654424,0.08681135225375626,0.07595993322203673,0.16026711185308848,0.02587646076794658,0.05175292153589316,0.012520868113522538,0.05008347245409015,0.008347245409015025,0.010851419031719533,0.005843071786310518,0.017529215358931552,0.01001669449081803,0.04424040066777963,0.035058430717863104,0.05509181969949917,0.027545909849749584
2025-09-16,0.1186161449752883,0.11120263591433278,0.08484349258649095,0.08896210873146623,0.07907742998352553,0.1655683690280066,0.023887973640856673,0.054365733113673806,0.014827018121911038,0.054365733113673806,0.007413509060955519,0.008237232289950576,0.011532125205930808,0.02059308072487644,0.011532125205930808,0.042009884678747944,0.030477759472817133,0.047775947281713346,0.02471169686985173
2025-09-17,0.13043478260869565,0.11036789297658862,0.07775919732441472,0.08361204013377926,0.07859531772575251,0.15635451505016723,0.02508361204013378,0.057692307692307696,0.01588628762541806,0.05016722408026756,0.010033444816053512,0.00919732441471572,0.008361204013377926,0.01839464882943144,0.01588628762541806,0.03511705685618729,0.03595317725752508,0.05351170568561873,0.027591973244147156
2025-09-18,0.12656119900083265,0.10324729392173189,0.0791007493755204,0.0791007493755204,0.0749375520399667,0.15903413821815154,0.025811823480432972,0.0507910074937552,0.01665278934221482,0.05412156536219817,0.004995836802664446,0.010824313072439634,0.010824313072439634,0.019983347210657785,0.01582014987510408,0.04412989175686927,0.038301415487094086,0.058284762697751874,0.027477102414654453
2025-09-19,0.11993382961124896,0.1141439205955335,0.08023159636062861,0.08602150537634409,0.0794044665012407,0.15963606286186932,0.02564102564102564,0.05293631100082713,0.016542597187758478,0.052109181141439205,0.011579818031430935,0.011579818031430935,0.008271298593879239,0.01902398676592225,0.014061207609594707,0.03970223325062035,0.03722084367245657,0.045492142266335814,0.026468155500413565
2025-09-22,0.12479201331114809,0.11397670549084858,0.08236272878535773,0.07487520798668885,0.07487520798668885,0.16555740432612312,0.02329450915141431,0.05324459234608985,0.01747088186356073,0.0524126455906822,0.0066555740432612314,0.013311148086522463,0.009151414309484194,0.021630615640599003,0.012479201331114808,0.03826955074875208,0.03993344425956739,0.054076539101497505,0.021630615640599003
2025-09-23,0.12967581047381546,0.1113881961762261,0.08063175394846218,0.08811305070656691,0.08146300914380715,0.15378221113881962,0.025768911055694097,0.051537822111388194,0.01662510390689942,0.05486284289276808,0.00997506234413965,0.010806317539484621,0.006650041562759767,0.01828761429758936,0.015793848711554447,0.04239401496259352,0.02743142144638404,0.051537822111388194,0.023275145469659187
2025-09-24,0.12396006655574043,0.11647254575707154,0.08236272878535773,0.08153078202995008,0.07737104825291181,0.1605657237936772,0.01913477537437604,0.04908485856905158,0.015806988352745424,0.050748752079866885,0.005823627287853577,0.009151414309484194,0.009983361064891847,0.019966722129783693,0.01747088186356073,0.04326123128119801,0.03410981697171381,0.05823627287853577,0.024958402662229616
2025-09-25,0.13210702341137123,0.10785953177257525,0.0802675585284281,0.08528428093645485,0.07608695652173914,0.16387959866220736,0.0225752508361204,0.04598662207357859,0.019230769230769232,0.05434782608695652,0.005852842809364548,0.011705685618729096,0.011705685618729096,0.016722408026755852,0.014214046822742474,0.03511705685618729,0.033444816053511704,0.056856187290969896,0.026755852842809364
2025-09-26,0.1273779983457403,0.1141439205955335,0.0794044665012407,0.08519437551695616,0.08023159636062861,0.1621174524400331,0.022332506203473945,0.04880066170388751,0.01488833746898263,0.052109181141439205,0.006617038875103391,0.010752688172043012,0.009925558312655087,0.01488833746898263,0.011579818031430935,0.043837882547559964,0.03970223325062035,0.055417700578990904,0.0206782464846981
2025-09-29,0.13338856669428334,0.10853355426677713,0.07787903893951947,0.08285004142502071,0.07787903893951947,0.15990057995028997,0.024026512013256007,0.05468102734051367,0.014084507042253521,0.050538525269262634,0.009113504556752278,0.012427506213753107,0.012427506213753107,0.01988400994200497,0.009942004971002486,0.04308202154101077,0.029826014913007456,0.053852526926263466,0.02568351284175642
2025-09-30,0.12293729372937294,0.10643564356435643,0.08333333333333333,0.08415841584158416,0.08168316831683169,0.15841584158415842,0.022277227722772276,0.04702970297029703,0.019801980198019802,0.056105610561056105,0.006600660066006601,0.010726072607260726,0.009075907590759076,0.018976897689768978,0.012376237623762377,0.037953795379537955,0.038778877887788776,0.0594059405940594,0.02392739273927393
2025-10-09,0.12271973466003316,0.10530679933665009,0.07462686567164178,0.0845771144278607,0.0812603648424544,0.16998341625207297,0.02570480928689884,0.05555555555555555,0.017412935323383085,0.05804311774461028,0.008291873963515755,0.01077943615257048,0.009950248756218905,0.01658374792703151,0.012437810945273632,0.03482587064676617,0.03648424543946932,0.04892205638474295,0.026533996683250415
2025-10-10,0.12769485903814262,0.10862354892205639,0.08043117744610281,0.08291873963515754,0.07545605306799337,0.16003316749585406,0.024875621890547265,0.05638474295190713,0.014096185737976783,0.05472636815920398,0.008291873963515755,0.008291873963515755,0.009950248756218905,0.01824212271973466,0.015754560530679935,0.03399668325041459,0.04145936981757877,0.05472636815920398,0.02404643449419569
2025-10-13,0.12320675105485232,0.11392405063291139,0.08185654008438818,0.08776371308016878,0.07257383966244725,0.15527426160337554,0.026160337552742614,0.05147679324894515,0.017721518987341773,0.05232067510548523,0.009282700421940928,0.010126582278481013,0.007594936708860759,0.020253164556962026,0.010970464135021098,0.0379746835443038,0.04050632911392405,0.053164556962025315,0.027848101265822784
2025-10-14,0.1313383208645054,0.11055694098088113,0.08063175394846218,0.08811305070656691,0.0714879467996675,0.15793848711554448,0.02660016625103907,0.05320033250207814,0.01662510390689942,0.05569409808811305,0.007481296758104738,0.00914380714879468,0.007481296758104738,0.019118869492934332,0.014131338320864505,0.03906899418121363,0.038237738985868665,0.04821280133000831,0.02493765586034913
2025-10-15,0.12282157676348547,0.1087136929460581,0.07717842323651453,0.08630705394190871,0.07883817427385892,0.15518672199170125,0.029045643153526972,0.05394190871369295,0.017427385892116183,0.053112033195020746,0.00995850622406639,0.010788381742738589,0.00995850622406639,0.02074688796680498,0.018257261410788383,0.03900414937759336,0.03734439834024896,0.048132780082987554,0.023236514522821577
2025-10-16,0.11886949293433084,0.10640066500415628,0.07813798836242726,0.09393183707398171,0.07647547797173733,0.1571072319201995,0.022443890274314215,0.05070656691604322,0.017456359102244388,0.05901911886949293,0.00831255195344971,0.006650041562759767,0.007481296758104738,0.022443890274314215,0.019118869492934332,0.03906899418121363,0.0399002493765586,0.05236907730673317,0.024106400665004156
2025-10-17,0.12541528239202657,0.10880398671096346,0.07890365448504984,0.08139534883720931,0.0739202657807309,0.15863787375415284,0.01910299003322259,0.05149501661129568,0.020764119601328904,0.05813953488372093,0.007475083056478406,0.009136212624584718,0.01079734219269103,0.024916943521594685,0.014950166112956811,0.040697674418604654,0.03820598006644518,0.05398671096345515,0.023255813953488372
2025-10-20,0.12003311258278146,0.10927152317880795,0.08112582781456953,0.08443708609271523,0.06539735099337748,0.16556291390728478,0.030629139072847682,0.056291390728476824,0.014900662251655629,0.052152317880794705,0.009933774834437087,0.012417218543046357,0.01076158940397351,0.020695364238410598,0.013245033112582781,0.04718543046357616,0.03559602649006623,0.048841059602649006,0.02152317880794702
2025-10-21,0.11823480432972523,0.11240632805995004,0.07993338884263114,0.08409658617818484,0.06910907577019151,0.15154038301415487,0.02997502081598668,0.054954204829308906,0.01498751040799334,0.059117402164862616,0.009159034138218152,0.01498751040799334,0.006661115736885929,0.018318068276436304,0.014154870940882597,0.042464612822647796,0.03413821815154038,0.05745212323064113,0.028309741881765195
2025-10-22,0.12956810631229235,0.11129568106312292,0.07973421926910298,0.08554817275747509,0.07308970099667775,0.15199335548172757,0.02159468438538206,0.05149501661129568,0.016611295681063124,0.057308970099667775,0.008305647840531562,0.01079734219269103,0.007475083056478406,0.018272425249169437,0.01910299003322259,0.03986710963455149,0.03820598006644518,0.05564784053156146,0.02408637873754153
2025-10-23,0.12283594394064304,0.1079967023907667,0.07749381698268755,0.09398186314921682,0.06677658697444352,0.16075845012366036,0.023083264633140973,0.051112943116240726,0.016488046166529265,0.05688375927452597,0.008244023083264633,0.013190436933223413,0.00989282769991756,0.020610057708161583,0.01731244847485573,0.036273701566364384,0.0403957131079967,0.05358615004122012,0.023083264633140973
2025-10-24,0.11779448621553884,0.1161236424394319,0.0835421888053467,0.09189640768588136,0.0785296574770259,0.16040100250626566,0.020050125313283207,0.04845446950710108,0.013366750208855471,0.06432748538011696,0.006683375104427736,0.007518796992481203,0.006683375104427736,0.01921470342522974,0.014202172096908938,0.031746031746031744,0.03592314118629908,0.05847953216374269,0.02506265664160401
2025-10-27,0.1259320629660315,0.11019055509527755,0.07290803645401822,0.08864954432477216,0.08367854183927093,0.15575807787903895,0.024855012427506214,0.05219552609776305,0.015741507870753936,0.05716652858326429,0.009942004971002486,0.010770505385252692,0.0115990057995029,0.019055509527754765,0.013256006628003313,0.03231151615575808,0.03811101905550953,0.05468102734051367,0.0231980115990058
2025-10-28,0.12146422628951747,0.10732113144758736,0.08236272878535773,0.08901830282861897,0.0740432612312812,0.16971713810316139,0.02329450915141431,0.0524126455906822,0.013311148086522463,0.054076539101497505,0.0066555740432612314,0.009983361064891847,0.008319467554076539,0.020798668885191347,0.015806988352745424,0.039101497504159734,0.03993344425956739,0.048252911813643926,0.024126455906821963
2025-10-29,0.12121212121212122,0.10892710892710893,0.07616707616707617,0.08681408681408681,0.07698607698607698,0.1547911547911548,0.02457002457002457,0.051597051597051594,0.013104013104013105,0.05323505323505324,0.011466011466011465,0.012285012285012284,0.012285012285012284,0.02620802620802621,0.013104013104013105,0.036855036855036855,0.04095004095004095,0.05323505323505324,0.02620802620802621
2025-10-30,0.11358024691358025,0.1111111111111111,0.07489711934156379,0.08888888888888889,0.08148148148148149,0.15720164609053497,0.0205761316872428,0.05761316872427984,0.015637860082304528,0.05761316872427984,0.010699588477366255,0.012345679012345678,0.00823045267489712,0.022222222222222223,0.01728395061728395,0.03621399176954732,0.03539094650205761,0.056790123456790124,0.022222222222222223
2025-10-31,0.12479608482871125,0.10848287112561175,0.07911908646003263,0.09380097879282219,0.07911908646003263,0.15497553017944535,0.021207177814029365,0.053833605220228384,0.01957585644371941,0.053833605220228384,0.00734094616639478,0.013050570962479609,0.010603588907014683,0.021207177814029365,0.009787928221859706,0.03181076672104405,0.03915171288743882,0.05301794453507341,0.02528548123980424
2025-11-03,0.11788953009068426,0.10964550700741962,0.07666941467436109,0.08738664468260511,0.08903544929925804,0.15251442704039572,0.028854080791426217,0.05358615004122012,0.011541632316570486,0.05276174773289365,0.00989282769991756,0.010717230008244023,0.005770816158285243,0.023083264633140973,0.014014839241549877,0.03709810387469085,0.0403957131079967,0.05276174773289365,0.026380873866446827
2025-11-04,0.11535269709543569,0.11867219917012448,0.07468879668049792,0.08215767634854772,0.08298755186721991,0.15352697095435686,0.02074688796680498,0.05394190871369295,0.010788381742738589,0.05975103734439834,0.00995850622406639,0.012448132780082987,0.012448132780082987,0.023236514522821577,0.013278008298755186,0.03236514522821577,0.03900414937759336,0.05394190871369295,0.030705394190871368
2025-11-05,0.12946058091286308,0.11452282157676348,0.08298755186721991,0.07883817427385892,0.07634854771784233,0.16099585062240665,0.024896265560165973,0.04564315352697095,0.012448132780082987,0.05394190871369295,0.011618257261410789,0.010788381742738589,0.007468879668049793,0.023236514522821577,0.012448132780082987,0.03568464730290456,0.03983402489626556,0.056431535269709544,0.022406639004149378
2025-11-06,0.11497105045492143,0.1141439205955335,0.07196029776674938,0.09181141439205956,0.08188585607940446,0.1555004135649297,0.0206782464846981,0.052109181141439205,0.01488833746898263,0.060380479735318446,0.009098428453267164,0.011579818031430935,0.009098428453267164,0.02481389578163772,0.013234077750206782,0.03391232423490488,0.04218362282878412,0.053763440860215055,0.023986765922249794
2025-11-07,0.12295081967213115,0.11065573770491803,0.07131147540983607,0.09836065573770492,0.08524590163934426,0.15655737704918032,0.022950819672131147,0.056557377049180325,0.018032786885245903,0.05491803278688524,0.007377049180327869,0.013114754098360656,0.00819672131147541,0.02459016393442623,0.01557377049180328,0.027049180327868853,0.036065573770491806,0.04836065573770492,0.022131147540983605
2025-11-10,0.11138613861386139,0.11963696369636964,0.07755775577557755,0.08085808580858085,0.08168316831683169,0.15594059405940594,0.027227722772277228,0.05198019801980198,0.0165016501650165,0.0594059405940594,0.009900990099009901,0.01155115511551155,0.010726072607260726,0.02392739273927393,0.014026402640264026,0.028877887788778877,0.041254125412541254,0.052805280528052806,0.024752475247524754
2025-11-11,0.13032581453634084,0.12280701754385964,0.08020050125313283,0.08771929824561403,0.07518796992481203,0.1670843776106934,0.020050125313283207,0.04845446950710108,0.01086048454469507,0.05513784461152882,0.009189640768588136,0.011695906432748537,0.010025062656641603,0.020885547201336674,0.018379281537176273,0.03007518796992481,0.03258145363408521,0.04845446950710108,0.020885547201336674
2025-11-12,0.11818181818181818,0.11074380165289256,0.08016528925619834,0.07768595041322314,0.08264462809917356,0.15950413223140497,0.024793388429752067,0.0512396694214876,0.02066115702479339,0.0628099173553719,0.00909090909090909,0.014049586776859505,0.013223140495867768,0.02231404958677686,0.012396694214876033,0.028925619834710745,0.03553719008264463,0.0512396694214876,0.024793388429752067
2025-11-13,0.12286411716842961,0.10496338486574451,0.07567127746135069,0.08787632221318145,0.0838079739625712,0.16273393002441008,0.027664768104149716,0.04963384865744508,0.02034174125305126,0.05858421480878763,0.008950366151342554,0.015459723352318959,0.008950366151342554,0.01871440195280716,0.01627339300244101,0.03173311635475997,0.030105777054515868,0.04882017900732303,0.026851098454027666
2025-11-14,0.12781954887218044,0.12030075187969924,0.07936507936507936,0.08437761069340016,0.0785296574770259,0.1570593149540518,0.01921470342522974,0.05179615705931495,0.012531328320802004,0.06098579782790309,0.009189640768588136,0.007518796992481203,0.01086048454469507,0.02506265664160401,0.017543859649122806,0.028404344193817876,0.034252297410192145,0.050960735171261484,0.02422723475355054
2025-11-17,0.12186978297161936,0.11435726210350584,0.07345575959933222,0.08848080133555926,0.08180300500834725,0.14858096828046743,0.025041736227045076,0.05509181969949917,0.015025041736227046,0.0667779632721202,0.011686143572621035,0.01335559265442404,0.005843071786310518,0.027545909849749584,0.011686143572621035,0.03171953255425709,0.035058430717863104,0.05091819699499165,0.021702838063439065
2025-11-18,0.12088815789473684,0.11101973684210527,0.07154605263157894,0.09539473684210527,0.07072368421052631,0.15707236842105263,0.023026315789473683,0.05345394736842105,0.02055921052631579,0.055098684210526314,0.011513157894736841,0.01069078947368421,0.014802631578947368,0.022203947368421052,0.015625,0.032072368421052634,0.03618421052631579,0.05098684210526316,0.027138157894736843
2025-11-19,0.12123745819397994,0.11454849498327759,0.06688963210702341,0.09698996655518395,0.08277591973244147,0.1505016722408027,0.019230769230769232,0.05100334448160535,0.020066889632107024,0.06688963210702341,0.00919732441471572,0.00919732441471572,0.014214046822742474,0.021739130434782608,0.01254180602006689,0.03177257525083612,0.033444816053511704,0.05351170568561873,0.024247491638795988
2025-11-20,0.11960132890365449,0.10963455149501661,0.08139534883720931,0.08554817275747509,0.08056478405315615,0.1553156146179402,0.019933554817275746,0.04817275747508306,0.014119601328903655,0.06727574750830564,0.011627906976744186,0.01079734219269103,0.011627906976744186,0.02574750830564784,0.011627906976744186,0.03322259136212625,0.03322259136212625,0.05647840531561462,0.02408637873754153
2025-11-21,0.12184873949579832,0.1134453781512605,0.07647058823529412,0.08487394957983194,0.07647058823529412,0.15798319327731092,0.024369747899159664,0.052941176470588235,0.02100840336134454,0.05630252100840336,0.009243697478991597,0.01764705882352941,0.010084033613445379,0.025210084033613446,0.013445378151260505,0.03529411764705882,0.03277310924369748,0.04789915966386555,0.0226890756302521
2025-11-24,0.13107996702390767,0.11046990931574609,0.07007419620774938,0.08738664468260511,0.07584501236603462,0.15663643858202803,0.020610057708161583,0.05688375927452597,0.020610057708161583,0.05688375927452597,0.009068425391591096,0.010717230008244023,0.011541632316570486,0.026380873866446827,0.010717230008244023,0.036273701566364384,0.0403957131079967,0.046166529266281946,0.02225886232481451
2025-11-25,0.12189054726368159,0.1044776119402985,0.07131011608623548,0.09618573797678276,0.08043117744610281,0.15422885572139303,0.024875621890547265,0.05887230514096186,0.019071310116086235,0.05804311774461028,0.00912106135986733,0.014925373134328358,0.011608623548922056,0.02404643449419569,0.01824212271973466,0.024875621890547265,0.03399668325041459,0.04892205638474295,0.024875621890547265
2025-11-26,0.11386138613861387,0.10891089108910891,0.066006600660066,0.0924092409240924,0.08085808580858085,0.1542904290429043,0.02392739273927393,0.052805280528052806,0.020627062706270627,0.06105610561056106,0.01155115511551155,0.014026402640264026,0.01485148514851485,0.024752475247524754,0.017326732673267328,0.03547854785478548,0.03547854785478548,0.041254125412541254,0.03052805280528053
2025-11-27,0.1188118811881188,0.11056105610561057,0.07095709570957096,0.09735973597359736,0.07590759075907591,0.15676567656765678,0.02145214521452145,0.052805280528052806,0.022277227722772276,0.06023102310231023,0.009900990099009901,0.012376237623762377,0.014026402640264026,0.02145214521452145,0.01155115511551155,0.03217821782178218,0.03712871287128713,0.04867986798679868,0.02557755775577558
2025-11-28,0.11843202668890743,0.11092577147623019,0.06672226855713094,0.08757297748123437,0.08340283569641367,0.1634695579649708,0.019182652210175146,0.0567139282735613,0.01834862385321101,0.05921601334445371,0.006672226855713094,0.012510425354462052,0.014178482068390326,0.022518765638031693,0.012510425354462052,0.03586321934945788,0.03753127606338615,0.04837364470391994,0.02585487906588824
2025-12-01,0.12,0.1075,0.0725,0.0875,0.08,0.15583333333333332,0.023333333333333334,0.0525,0.0225,0.059166666666666666,0.011666666666666667,0.013333333333333334,0.015,0.024166666666666666,0.011666666666666667,0.029166666666666667,0.0325,0.05,0.03166666666666667
2025-12-02,0.12100840336134454,0.11512605042016806,0.073109243697479,0.09411764705882353,0.08067226890756303,0.1588235294117647,0.020168067226890758,0.052100840336134456,0.018487394957983194,0.05630252100840336,0.008403361344537815,0.011764705882352941,0.010924369747899159,0.024369747899159664,0.015126050420168067,0.026050420168067228,0.03529411764705882,0.04789915966386555,0.030252100840336135
2025-12-03,0.11248966087675766,0.11248966087675766,0.06782464846980976,0.09511993382961124,0.07444168734491315,0.16046319272125723,0.022332506203473945,0.055417700578990904,0.022332506203473945,0.062034739454094295,0.009098428453267164,0.0206782464846981,0.014061207609594707,0.0206782464846981,0.013234077750206782,0.028949545078577336,0.03970223325062035,0.0380479735318445,0.030603804797353185
2025-12-04,0.11212624584717608,0.11046511627906977,0.07142857142857142,0.09219269102990033,0.07308970099667775,0.15946843853820597,0.01910299003322259,0.053156146179401995,0.02159468438538206,0.0606312292358804,0.008305647840531562,0.012458471760797342,0.013289036544850499,0.02823920265780731,0.014119601328903655,0.03156146179401993,0.03820598006644518,0.05232558139534884,0.02823920265780731
2025-12-05,0.11433305716652858,0.11764705882352941,0.06545153272576636,0.09776304888152444,0.07870753935376967,0.15575807787903895,0.01739850869925435,0.05219552609776305,0.020712510356255178,0.05716652858326429,0.009113504556752278,0.012427506213753107,0.018227009113504555,0.02568351284175642,0.013256006628003313,0.033140016570008285,0.03976801988400994,0.045567522783761395,0.02568351284175642
2025-12-08,0.11074104912572856,0.10741049125728559,0.07243963363863447,0.09242298084929226,0.08492922564529559,0.16819317235636969,0.018318068276436304,0.04995836802664446,0.02331390507910075,0.06078268109908409,0.00832639467110741,0.01498751040799334,0.011656952539550375,0.02164862614487927,0.011656952539550375,0.035803497085761866,0.03746877601998335,0.04746044962531224,0.022481265611990008
2025-12-09,0.12098765432098765,0.11522633744855967,0.07242798353909465,0.09382716049382717,0.08477366255144032,0.16296296296296298,0.01646090534979424,0.047736625514403296,0.023045267489711935,0.05761316872427984,0.00823045267489712,0.014814814814814815,0.01316872427983539,0.01728395061728395,0.015637860082304528,0.027160493827160494,0.03786008230452675,0.048559670781893,0.022222222222222223
2025-12-10,0.11238720262510254,0.10582444626743231,0.06480721903199343,0.09598031173092698,0.07383100902378999,0.15258408531583265,0.022969647251845776,0.05332239540607055,0.02378999179655455,0.06398687448728466,0.014766201804757998,0.01394585726004922,0.016406890894175553,0.029532403609515995,0.017227235438884332,0.02871205906480722,0.03937653814602133,0.04019688269073011,0.030352748154224774
2025-12-11,0.11480865224625623,0.10815307820299501,0.07071547420965059,0.09650582362728785,0.06905158069883527,0.16638935108153077,0.020798668885191347,0.05490848585690516,0.02329450915141431,0.0632279534109817,0.009983361064891847,0.016638935108153077,0.014143094841930116,0.024126455906821963,0.012479201331114808,0.030782029950083195,0.036605657237936774,0.04159733777038269,0.025790349417637273
2025-12-12,0.10182119205298014,0.11258278145695365,0.07036423841059603,0.09519867549668874,0.07864238410596026,0.15894039735099338,0.023178807947019868,0.052152317880794705,0.023178807947019868,0.062086092715231786,0.008278145695364239,0.014900662251655629,0.013245033112582781,0.023178807947019868,0.014072847682119206,0.03559602649006623,0.03642384105960265,0.048841059602649006,0.027317880794701987
2025-12-15,0.11576354679802955,0.1116584564860427,0.0665024630541872,0.09523809523809523,0.08702791461412152,0.16420361247947454,0.022167487684729065,0.04926108374384237,0.0180623973727422,0.06157635467980296,0.0090311986863711,0.014778325123152709,0.013957307060755337,0.025451559934318555,0.012315270935960592,0.025451559934318555,0.03940886699507389,0.040229885057471264,0.027914614121510674
2025-12-16,0.11896838602329451,0.11231281198003328,0.06738768718801996,0.09068219633943428,0.07737104825291181,0.15224625623960067,0.018302828618968387,0.04742096505823627,0.01913477537437604,0.06905158069883527,0.010815307820299502,0.013311148086522463,0.012479201331114808,0.022462562396006656,0.013311148086522463,0.04076539101497504,0.04326123128119801,0.045757071547420966,0.024958402662229616
2025-12-17,0.10205761316872428,0.10864197530864197,0.07160493827160494,0.09135802469135802,0.07489711934156379,0.1662551440329218,0.023045267489711935,0.05102880658436214,0.02139917695473251,0.07407407407407407,0.010699588477366255,0.013991769547325103,0.013991769547325103,0.027160493827160494,0.011522633744855968,0.030452674897119343,0.03621399176954732,0.044444444444444446,0.027160493827160494
2025-12-18,0.11009174311926606,0.10925771476230192,0.07923269391159299,0.09424520433694746,0.08006672226855713,0.15763135946622187,0.020850708924103418,0.05421184320266889,0.019182652210175146,0.061718098415346125,0.005838198498748957,0.01751459549624687,0.016680567139282735,0.021684737281067557,0.016680567139282735,0.030859049207673062,0.03669724770642202,0.0408673894912427,0.026688907422852376
2025-12-19,0.11529026982829109,0.10302534750613246,0.07113654946852004,0.09566639411283728,0.06950122649223221,0.1635322976287817,0.017988552739165987,0.04987735077677841,0.023712183156173343,0.06377759607522486,0.008176614881439084,0.02125919869174162,0.016353229762878167,0.028618152085036794,0.011447260834014717,0.03188879803761243,0.04088307440719542,0.047424366312346686,0.02044153720359771
2025-12-22,0.11202635914332784,0.10626029654036244,0.06754530477759473,0.10296540362438221,0.07495881383855024,0.1556836902800659,0.018945634266886325,0.04942339373970346,0.019769357495881382,0.06672158154859967,0.012355848434925865,0.016474464579901153,0.014827018121911038,0.02800658978583196,0.012355848434925865,0.029654036243822075,0.04036243822075782,0.047775947281713346,0.023887973640856673
2025-12-23,0.11312964492155243,0.10652353426919901,0.07184145334434351,0.09496284062758051,0.0726672171758877,0.17258464079273328,0.01981833195706028,0.04706853839801817,0.023947151114781174,0.05945499587118084,0.011560693641618497,0.018166804293971925,0.011560693641618497,0.022295623451692816,0.012386457473162676,0.02972749793559042,0.038810900082576386,0.04376548307184145,0.02972749793559042
2025-12-24,0.10938775510204081,0.10448979591836735,0.06693877551020408,0.09714285714285714,0.07673469387755102,0.16244897959183674,0.017142857142857144,0.04979591836734694,0.022040816326530613,0.061224489795918366,0.011428571428571429,0.022857142857142857,0.017959183673469388,0.0236734693877551,0.013061224489795919,0.027755102040816326,0.04,0.045714285714285714,0.030204081632653063
2025-12-25,0.11185308848080133,0.10934891485809682,0.07429048414023372,0.09265442404006678,0.06260434056761269,0.164440734557596,0.02003338898163606,0.05342237061769616,0.021702838063439065,0.06176961602671119,0.015025041736227046,0.015859766277128547,0.01335559265442404,0.02337228714524207,0.011686143572621035,0.028380634390651086,0.045075125208681135,0.04757929883138564,0.027545909849749584
2025-12-26,0.11494252873563218,0.10755336617405582,0.07060755336617405,0.09523809523809523,0.0665024630541872,0.16584564860426929,0.018883415435139574,0.048440065681444995,0.022988505747126436,0.06486042692939245,0.012315270935960592,0.017241379310344827,0.014778325123152709,0.023809523809523808,0.012315270935960592,0.030377668308702793,0.042692939244663386,0.04351395730706076,0.027093596059113302
2025-12-29,0.11970074812967581,0.10141313383208644,0.06483790523690773,0.0914380714879468,0.06816292601828762,0.1662510390689942,0.020781379883624274,0.05070656691604322,0.023275145469659187,0.0656691604322527,0.010806317539484621,0.020781379883624274,0.011637572734829594,0.02493765586034913,0.012468827930174564,0.03325020781379884,0.0399002493765586,0.046550290939318374,0.02743142144638404
2025-12-30,0.1106523534269199,0.09991742361684558,0.06440957886044592,0.09661436829066887,0.06936416184971098,0.16432700247729148,0.022295623451692816,0.053674649050371594,0.02559867877786953,0.06523534269199009,0.010734929810074319,0.017341040462427744,0.016515276630883566,0.03303055326176713,0.012386457473162676,0.028075970272502065,0.04128819157720892,0.04046242774566474,0.028075970272502065
2025-12-31,0.1141439205955335,0.10173697270471464,0.06865177832919768,0.09181141439205956,0.07113316790736146,0.1588089330024814,0.022332506203473945,0.04962779156327544,0.02481389578163772,0.06451612903225806,0.013234077750206782,0.015715467328370553,0.013234077750206782,0.028122415219189414,0.015715467328370553,0.03225806451612903,0.03970223325062035,0.04797353184449959,0.026468155500413565
2026-01-05,0.1111111111111111,0.10862354892205639,0.06467661691542288,0.0945273631840796,0.07711442786069651,0.16749585406301823,0.02155887230514096,0.05472636815920398,0.026533996683250415,0.06633499170812604,0.014925373134328358,0.012437810945273632,0.013266998341625208,0.024875621890547265,0.011608623548922056,0.01990049751243781,0.04311774461028192,0.0406301824212272,0.026533996683250415
2026-01-06,0.11551155115511551,0.10396039603960396,0.05858085808580858,0.0891089108910891,0.07343234323432343,0.16006600660066006,0.027227722772277228,0.05858085808580858,0.022277227722772276,0.06188118811881188,0.018151815181518153,0.014026402640264026,0.01485148514851485,0.024752475247524754,0.013201320132013201,0.022277227722772276,0.04207920792079208,0.04867986798679868,0.03135313531353135
2026-01-07,0.116107931316435,0.10384300899427637,0.0580539656582175,0.09403107113654947,0.08013082583810302,0.15044971381847916,0.022894521668029435,0.05723630417007359,0.017170891251022075,0.0678659035159444,0.012264922322158627,0.006541291905151268,0.01553556827473426,0.027800490596892886,0.014717906786590351,0.03434178250204415,0.04088307440719542,0.04905968928863451,0.03107113654946852
2026-01-08,0.1168724279835391,0.10205761316872428,0.0691358024691358,0.09053497942386832,0.07654320987654321,0.15720164609053497,0.02139917695473251,0.05267489711934156,0.02139917695473251,0.06502057613168724,0.01728395061728395,0.015637860082304528,0.013991769547325103,0.03209876543209877,0.014814814814814815,0.02962962962962963,0.037037037037037035,0.03950617283950617,0.027160493827160494
2026-01-09,0.11175496688741722,0.10596026490066225,0.061258278145695365,0.10099337748344371,0.07864238410596026,0.15314569536423842,0.028973509933774833,0.057119205298013245,0.01903973509933775,0.06291390728476821,0.016556291390728478,0.015728476821192054,0.015728476821192054,0.02566225165562914,0.014072847682119206,0.024834437086092714,0.04056291390728477,0.0380794701986755,0.028973509933774833
2026-01-12,0.11608623548922056,0.10530679933665009,0.06301824212271974,0.0912106135986733,0.07628524046434494,0.15754560530679934,0.019071310116086235,0.06218905472636816,0.02155887230514096,0.06053067993366501,0.014925373134328358,0.015754560530679935,0.014925373134328358,0.029850746268656716,0.01824212271973466,0.02570480928689884,0.03980099502487562,0.0406301824212272,0.02736318407960199
2026-01-13,0.10853355426677713,0.10687655343827672,0.06379453189726594,0.09196354598177299,0.07373653686826843,0.1632145816072908,0.0231980115990058,0.056338028169014086,0.0231980115990058,0.07290803645401822,0.0231980115990058,0.0115990057995029,0.014913007456503728,0.0231980115990058,0.01988400994200497,0.021541010770505385,0.029826014913007456,0.0463960231980116,0.02568351284175642
2026-01-14,0.11934156378600823,0.1102880658436214,0.060082304526748974,0.08641975308641975,0.06995884773662552,0.1580246913580247,0.027160493827160494,0.05267489711934156,0.01728395061728395,0.07160493827160494,0.01810699588477366,0.012345679012345678,0.01316872427983539,0.02633744855967078,0.01810699588477366,0.03374485596707819,0.03374485596707819,0.040329218106995884,0.031275720164609055
2026-01-15,0.11440329218106995,0.11193415637860082,0.06502057613168724,0.0897119341563786,0.07160493827160494,0.16378600823045267,0.03209876543209877,0.056790123456790124,0.01810699588477366,0.07160493827160494,0.01810699588477366,0.011522633744855968,0.01810699588477366,0.019753086419753086,0.018930041152263374,0.027983539094650206,0.031275720164609055,0.03374485596707819,0.02551440329218107
2026-01-16,0.11652892561983472,0.11074380165289256,0.06115702479338843,0.09669421487603305,0.07190082644628099,0.16859504132231404,0.02066115702479339,0.05619834710743802,0.01487603305785124,0.06859504132231405,0.01652892561983471,0.00909090909090909,0.012396694214876033,0.024793388429752067,0.019834710743801654,0.02727272727272727,0.033884297520661154,0.03636363636363636,0.033884297520661154
2026-01-19,0.11963696369636964,0.11138613861386139,0.06023102310231023,0.08993399339933994,0.06848184818481848,0.1674917491749175,0.028052805280528052,0.05528052805280528,0.019801980198019802,0.06353135313531354,0.013201320132013201,0.01155115511551155,0.010726072607260726,0.027227722772277228,0.02145214521452145,0.028052805280528052,0.03547854785478548,0.038778877887788776,0.0297029702970297
2026-01-20,0.114215283483977,0.10353327855382087,0.06409202958093672,0.09942481511914544,0.0714872637633525,0.16105176663927692,0.024650780608052588,0.054231717337715694,0.024650780608052588,0.07313064913722268,0.01314708299096138,0.013968775677896467,0.016433853738701727,0.018898931799506986,0.015612161051766639,0.03451109285127362,0.036154478225143796,0.03533278553820871,0.025472473294987676
2026-01-21,0.11676396997497915,0.10758965804837364,0.07089241034195162,0.08757297748123437,0.061718098415346125,0.16263552960800667,0.02418682235195997,0.06422018348623854,0.025020850708924104,0.06922435362802336,0.014178482068390326,0.015012510425354461,0.013344453711426188,0.027522935779816515,0.014178482068390326,0.03336113427856547,0.03336113427856547,0.03252710592160134,0.026688907422852376
2026-01-22,0.12161051766639278,0.10682004930156122,0.06491372226787182,0.09531635168447,0.06820049301561217,0.15858668857847166,0.023007395234182416,0.0599835661462613,0.0238290879211175,0.06902218570254724,0.013968775677896467,0.010682004930156122,0.015612161051766639,0.025472473294987676,0.01314708299096138,0.030402629416598194,0.03451109285127362,0.03533278553820871,0.029580936729663106
2026-01-23,0.115736885928393,0.11407160699417153,0.06827643630308076,0.0890924229808493,0.06328059950041633,0.1623646960865945,0.030807660283097418,0.059117402164862616,0.02164862614487927,0.06661115736885928,0.01498751040799334,0.017485428809325562,0.01498751040799334,0.022481265611990008,0.013322231473771857,0.034970857618651124,0.03164029975020816,0.03330557868442964,0.025811823480432972
2026-01-26,0.1221311475409836,0.11639344262295082,0.06639344262295081,0.09098360655737706,0.0680327868852459,0.15163934426229508,0.03114754098360656,0.06147540983606557,0.020491803278688523,0.06311475409836066,0.013934426229508197,0.013114754098360656,0.018032786885245903,0.019672131147540985,0.014754098360655738,0.030327868852459017,0.03360655737704918,0.03770491803278689,0.027049180327868853
2026-01-27,0.12026359143327842,0.11367380560131796,0.0642504118616145,0.08978583196046129,0.07825370675453047,0.14744645799011533,0.025535420098846788,0.05683690280065898,0.023064250411861616,0.06589785831960461,0.018945634266886325,0.012355848434925865,0.011532125205930808,0.02471169686985173,0.012355848434925865,0.03542009884678748,0.03212520593080725,0.03706754530477759,0.030477759472817133
2026-01-28,0.11398544866612773,0.10670978172999192,0.06628940986257073,0.0889248181083266,0.068714632174616,0.15198059822150364,0.0274858528698464,0.0582053354890865,0.021827000808407437,0.07113985448666128,0.016976556184316895,0.016976556184316895,0.0137429264349232,0.025060630557801132,0.016976556184316895,0.03637833468067906,0.033144704931285365,0.037186742118027485,0.028294260307194827
2026-01-29,0.12283594394064304,0.10634789777411377,0.06347897774113767,0.08903544929925804,0.05935696619950536,0.16075845012366036,0.023083264633140973,0.06347897774113767,0.023083264633140973,0.0651277823577906,0.020610057708161583,0.021434460016488046,0.010717230008244023,0.028029678483099753,0.014014839241549877,0.031327287716405604,0.03215169002473207,0.041220115416323165,0.023907666941467436
2026-01-30,0.11210398050365557,0.10398050365556458,0.06742485783915515,0.08773354995938261,0.06336311941510966,0.16653127538586515,0.02843216896831844,0.060926076360682375,0.024370430544272948,0.06661251015434606,0.017059301380991064,0.01380991064175467,0.012185215272136474,0.022745735174654752,0.01868399675060926,0.03411860276198213,0.02761982128350934,0.04467912266450041,0.02761982128350934
2026-02-02,0.12943116240725475,0.10882110469909316,0.06183017312448475,0.08903544929925804,0.06430338004946413,0.16240725474031328,0.025556471558120363,0.06347897774113767,0.025556471558120363,0.06924979389942292,0.018136850783182192,0.013190436933223413,0.01483924154987634,0.025556471558120363,0.00989282769991756,0.03297609233305853,0.028029678483099753,0.03297609233305853,0.0247320692497939
2026-02-03,0.11879576891781937,0.10414971521562245,0.07078925956061839,0.09113100081366965,0.06509357200976404,0.16598860862489828,0.025223759153783564,0.05207485760781123,0.025223759153783564,0.06427990235964198,0.01790073230268511,0.01790073230268511,0.013832384052074858,0.025223759153783564,0.012205044751830757,0.03498779495524817,0.03254678600488202,0.03742880390561432,0.025223759153783564
2026-02-04,0.11688311688311688,0.10795454545454546,0.06168831168831169,0.09253246753246754,0.0689935064935065,0.15827922077922077,0.025162337662337664,0.05438311688311688,0.027597402597402596,0.07061688311688312,0.012987012987012988,0.012987012987012988,0.015422077922077922,0.025974025974025976,0.01461038961038961,0.03814935064935065,0.026785714285714284,0.04301948051948052,0.025974025974025976
2026-02-05,0.12347684809098294,0.11291632818846466,0.06823720552396426,0.08854589764419171,0.06904955320877336,0.14703493095044678,0.025182778229082048,0.056051990251827784,0.021121039805036556,0.06904955320877336,0.016246953696181964,0.015434606011372868,0.01949634443541836,0.024370430544272948,0.017871649065800164,0.03168155970755483,0.02924451665312754,0.036555645816409424,0.02843216896831844
2026-02-06,0.12356792144026187,0.11456628477905073,0.07037643207855974,0.08592471358428805,0.07364975450081833,0.15711947626841244,0.0220949263502455,0.05810147299509002,0.020458265139116204,0.07283142389525368,0.015548281505728314,0.018821603927986905,0.01309328968903437,0.023731587561374796,0.010638297872340425,0.03436988543371522,0.02618657937806874,0.030278232405891982,0.028641571194762683
2026-02-09,0.12264922322158626,0.10057236304170074,0.0678659035159444,0.0874897792313982,0.06623058053965658,0.1635322976287817,0.032706459525756335,0.05560098119378577,0.022894521668029435,0.07522485690923958,0.02125919869174162,0.016353229762878167,0.019623875715453803,0.02125919869174162,0.008994276369582993,0.028618152085036794,0.023712183156173343,0.03434178250204415,0.03107113654946852
2026-02-10,0.11659919028340081,0.10607287449392712,0.06315789473684211,0.08825910931174089,0.06882591093117409,0.1562753036437247,0.031578947368421054,0.05748987854251012,0.02186234817813765,0.06963562753036437,0.01862348178137652,0.02186234817813765,0.020242914979757085,0.027530364372469637,0.01700404858299595,0.022672064777327937,0.02834008097165992,0.032388663967611336,0.031578947368421054
2026-02-11,0.12693246541903988,0.1114727420667209,0.06672091131000814,0.0870626525630594,0.0691619202603743,0.1497152156224573,0.03173311635475997,0.05614320585842148,0.023596419853539462,0.07078925956061839,0.01627339300244101,0.01952807160292921,0.013832384052074858,0.01790073230268511,0.013018714401952807,0.03417412530512612,0.030105777054515868,0.03336045565500407,0.028478437754271765
2026-02-12,0.12530712530712532,0.11056511056511056,0.0687960687960688,0.08845208845208845,0.06633906633906633,0.15724815724815724,0.025389025389025387,0.056511056511056514,0.02457002457002457,0.06552006552006552,0.021294021294021293,0.014742014742014743,0.013923013923013924,0.02702702702702703,0.01638001638001638,0.02375102375102375,0.02457002457002457,0.036036036036036036,0.03357903357903358
2026-02-13,0.12296416938110749,0.11726384364820847,0.06188925081433225,0.08957654723127036,0.06758957654723127,0.16123778501628663,0.02768729641693811,0.050488599348534204,0.02687296416938111,0.07166123778501629,0.016286644951140065,0.014657980456026058,0.018729641693811076,0.024429967426710098,0.012214983713355049,0.03175895765472313,0.024429967426710098,0.03257328990228013,0.02768729641693811
2026-02-24,0.12741935483870967,0.1064516129032258,0.07338709677419354,0.08306451612903226,0.06532258064516129,0.15241935483870966,0.025,0.05,0.03064516129032258,0.07338709677419354,0.014516129032258065,0.014516129032258065,0.012903225806451613,0.02338709677419355,0.020161290322580645,0.03225806451612903,0.03387096774193549,0.03306451612903226,0.028225806451612902
2026-02-25,0.12449145646867373,0.11065907241659886,0.06509357200976404,0.08787632221318145,0.06753458096013018,0.15134255492270138,0.027664768104149716,0.05695687550854353,0.024410089503661515,0.07160292921074043,0.01708706265256306,0.01871440195280716,0.014646053702196907,0.025223759153783564,0.013018714401952807,0.026851098454027666,0.027664768104149716,0.03824247355573637,0.030919446704637917
2026-02-26,0.12367778681855167,0.10089503661513426,0.0691619202603743,0.0821806346623271,0.06427990235964198,0.15866558177379983,0.03580146460537022,0.061025223759153785,0.021969080553295363,0.06834825061025224,0.01627339300244101,0.01708706265256306,0.013832384052074858,0.025223759153783564,0.013018714401952807,0.03498779495524817,0.026037428803905614,0.03580146460537022,0.03173311635475997
2026-02-27,0.12121212121212122,0.10073710073710074,0.062244062244062245,0.09582309582309582,0.06715806715806716,0.16298116298116297,0.031122031122031123,0.05814905814905815,0.018837018837018837,0.07043407043407043,0.015561015561015561,0.015561015561015561,0.015561015561015561,0.022113022113022112,0.010647010647010647,0.031122031122031123,0.03357903357903358,0.03357903357903358,0.03357903357903358
2026-03-02,0.12181069958847737,0.1111111111111111,0.06748971193415639,0.09300411522633745,0.06584362139917696,0.15720164609053497,0.027983539094650206,0.05596707818930041,0.02139917695473251,0.07078189300411522,0.018930041152263374,0.01316872427983539,0.01316872427983539,0.027160493827160494,0.012345679012345678,0.02633744855967078,0.02633744855967078,0.03621399176954732,0.03374485596707819
2026-03-03,0.12417763157894737,0.11348684210526316,0.0756578947368421,0.08634868421052631,0.06578947368421052,0.14720394736842105,0.03289473684210526,0.05921052631578947,0.017269736842105265,0.07154605263157894,0.013980263157894737,0.02138157894736842,0.013980263157894737,0.02055921052631579,0.013157894736842105,0.032072368421052634,0.03289473684210526,0.027960526315789474,0.03042763157894737
2026-03-04,0.11011419249592169,0.11174551386623165,0.06199021207177814,0.08727569331158239,0.0636215334420881,0.16802610114192496,0.03425774877650897,0.06035889070146819,0.02202283849918434,0.0734094616639478,0.015497553017944535,0.02365415986949429,0.011419249592169658,0.02365415986949429,0.013050570962479609,0.02528548123980424,0.02773246329526917,0.037520391517128875,0.02936378466557912
2026-03-05,0.12571428571428572,0.12,0.06938775510204082,0.08653061224489796,0.06693877551020408,0.14857142857142858,0.026122448979591838,0.054693877551020405,0.026122448979591838,0.06693877551020408,0.017959183673469388,0.018775510204081632,0.015510204081632653,0.02040816326530612,0.011428571428571429,0.030204081632653063,0.027755102040816326,0.036734693877551024,0.030204081632653063
2026-03-06,0.12256493506493507,0.10714285714285714,0.06818181818181818,0.08035714285714286,0.06655844155844155,0.15584415584415584,0.03165584415584415,0.060064935064935064,0.025162337662337664,0.07224025974025974,0.01948051948051948,0.017045454545454544,0.01461038961038961,0.025974025974025976,0.012987012987012988,0.030032467532467532,0.026785714285714284,0.03571428571428571,0.027597402597402596
2026-03-09,0.11893203883495146,0.11084142394822007,0.07281553398058252,0.08414239482200647,0.06229773462783172,0.1553398058252427,0.02831715210355987,0.054207119741100325,0.025080906148867314,0.08009708737864078,0.021844660194174758,0.021035598705501618,0.010517799352750809,0.020226537216828478,0.015372168284789644,0.02831715210355987,0.02669902912621359,0.03478964401294499,0.02912621359223301
2026-03-10,0.12366912366912367,0.11384111384111384,0.07125307125307126,0.08845208845208845,0.06633906633906633,0.14742014742014742,0.028665028665028666,0.05896805896805897,0.02293202293202293,0.0687960687960688,0.018837018837018837,0.0171990171990172,0.013923013923013924,0.020475020475020474,0.011466011466011465,0.029484029484029485,0.03194103194103194,0.03849303849303849,0.027846027846027847
2026-03-11,0.12026359143327842,0.10543657331136738,0.0642504118616145,0.08896210873146623,0.05354200988467875,0.14827018121911037,0.025535420098846788,0.05683690280065898,0.028830313014827018,0.07990115321252059,0.01729818780889621,0.0214168039538715,0.01729818780889621,0.028830313014827018,0.011532125205930808,0.03130148270181219,0.03871499176276771,0.03706754530477759,0.02471169686985173
2026-03-12,0.11908783783783784,0.10810810810810811,0.06503378378378379,0.1097972972972973,0.0633445945945946,0.16131756756756757,0.024493243243243243,0.056587837837837836,0.02364864864864865,0.07010135135135136,0.014358108108108109,0.016891891891891893,0.009290540540540541,0.02027027027027027,0.021114864864864864,0.03462837837837838,0.03547297297297297,0.02195945945945946,0.024493243243243243
2026-03-13,0.12595097210481826,0.10059171597633136,0.07016060862214708,0.11242603550295859,0.060862214708368556,0.15469146238377007,0.0253592561284869,0.0566356720202874,0.026204564666103127,0.06931530008453085,0.01014370245139476,0.014370245139475908,0.016060862214708368,0.021132713440405747,0.02028740490278952,0.030431107354184278,0.027895181741335588,0.026204564666103127,0.03127641589180051
2026-03-16,0.12908633696563285,0.0980720871751886,0.06370494551550712,0.11986588432523052,0.06370494551550712,0.1550712489522213,0.025146689019279127,0.054484492875104776,0.025146689019279127,0.06202849958088852,0.013411567476948869,0.01592623637887678,0.013411567476948869,0.025984911986588432,0.01760268231349539,0.030176026823134954,0.03101424979044426,0.02933780385582565,0.026823134953897737
2026-03-17,0.12149532710280374,0.10110450297366186,0.06457094307561598,0.1265930331350892,0.06627017841971113,0.14868309260832624,0.028037383177570093,0.055225148683092605,0.020390824129141887,0.06627017841971113,0.013593882752761258,0.013593882752761258,0.013593882752761258,0.021240441801189464,0.02888700084961767,0.02888700084961767,0.027187765505522515,0.028037383177570093,0.026338147833474938
2026-03-18,0.12264150943396226,0.1072041166380789,0.0711835334476844,0.12435677530017153,0.06260720411663807,0.15780445969125215,0.024013722126929673,0.057461406518010294,0.0274442538593482,0.06260720411663807,0.011149228130360206,0.012864493996569469,0.011149228130360206,0.015437392795883362,0.02058319039451115,0.030017152658662092,0.029159519725557463,0.023156089193825044,0.029159519725557463
2026-03-19,0.12521008403361344,0.0949579831932773,0.06722689075630252,0.12100840336134454,0.06134453781512605,0.15630252100840336,0.02100840336134454,0.052100840336134456,0.030252100840336135,0.06386554621848739,0.015126050420168067,0.019327731092436976,0.010924369747899159,0.023529411764705882,0.02100840336134454,0.030252100840336135,0.029411764705882353,0.026050420168067228,0.031092436974789917
2026-03-20,0.12074829931972789,0.10119047619047619,0.06717687074829932,0.12329931972789115,0.06292517006802721,0.15816326530612246,0.02040816326530612,0.05782312925170068,0.02295918367346939,0.0663265306122449,0.00935374149659864,0.011054421768707483,0.012755102040816327,0.026360544217687076,0.017006802721088437,0.036564625850340135,0.02806122448979592,0.02891156462585034,0.02891156462585034
2026-03-23,0.11433447098976109,0.10068259385665529,0.06825938566552901,0.1296928327645051,0.06143344709897611,0.15784982935153583,0.01877133105802048,0.05716723549488054,0.02303754266211604,0.07081911262798635,0.020477815699658702,0.011092150170648464,0.011092150170648464,0.02218430034129693,0.021331058020477817,0.032423208191126277,0.027303754266211604,0.02303754266211604,0.02901023890784983
2026-03-24,0.11774744027303755,0.10409556313993173,0.06655290102389079,0.11518771331058021,0.06569965870307168,0.15443686006825938,0.020477815699658702,0.06399317406143344,0.021331058020477817,0.06655290102389079,0.015358361774744027,0.010238907849829351,0.00938566552901024,0.02218430034129693,0.02303754266211604,0.03498293515358362,0.033276450511945395,0.023890784982935155,0.031569965870307165
2026-03-25,0.12128922815945717,0.09754028837998303,0.07039864291772689,0.12128922815945717,0.06191687871077184,0.15521628498727735,0.019508057675996608,0.056827820186598814,0.022900763358778626,0.0720949957591179,0.017811704834605598,0.009329940627650551,0.010178117048346057,0.016963528413910092,0.017811704834605598,0.03986429177268872,0.0364715860899067,0.021204410517387615,0.031382527565733676
2026-03-26,0.12992455993294216,0.10813076278290025,0.06454316848281642,0.11232187761944677,0.07124895222129086,0.14082145850796313,0.020117351215423303,0.055322715842414084,0.026823134953897737,0.07124895222129086,0.009220452640402346,0.014249790444258172,0.013411567476948869,0.019279128248113998,0.02179379715004191,0.03604358759430008,0.026823134953897737,0.030176026823134954,0.028499580888516344
2026-03-27,0.11996644295302013,0.09815436241610738,0.06208053691275168,0.11409395973154363,0.07130872483221476,0.14848993288590603,0.024328859060402684,0.06040268456375839,0.02181208053691275,0.0662751677852349,0.016778523489932886,0.022651006711409395,0.012583892617449664,0.01929530201342282,0.020134228187919462,0.034395973154362415,0.026845637583892617,0.03104026845637584,0.02936241610738255
2026-03-30,0.1257285595337219,0.09908409658617819,0.06827643630308076,0.11990008326394672,0.06411323896752706,0.14487926727726894,0.02164862614487927,0.05745212323064113,0.02414654454621149,0.06328059950041633,0.01582014987510408,0.019150707743547043,0.010824313072439634,0.028309741881765195,0.018318068276436304,0.03663613655287261,0.03330557868442964,0.019150707743547043,0.02997502081598668
2026-03-31,0.12678421494542402,0.0948782535684299,0.06801007556675064,0.11922753988245172,0.06213266162888329,0.15029387069689337,0.020990764063811923,0.054575986565911,0.02518891687657431,0.0688497061293031,0.020990764063811923,0.018471872376154493,0.012594458438287154,0.022670025188916875,0.01595298068849706,0.030226700251889168,0.031066330814441646,0.027707808564231738,0.02938706968933669
2026-04-01,0.12636899747262004,0.10025273799494525,0.06571187868576242,0.12468407750631845,0.06402695871946082,0.13984835720303285,0.02358887952822241,0.05391743892165122,0.02443133951137321,0.06402695871946082,0.015164279696714406,0.010951979780960405,0.015164279696714406,0.02780117944397641,0.019376579612468407,0.038753159224936815,0.02695871946082561,0.02527379949452401,0.03369839932603201
2026-04-02,0.12935323383084577,0.0978441127694859,0.06716417910447761,0.11608623548922056,0.05887230514096186,0.15008291873963517,0.02570480928689884,0.0505804311774461,0.022388059701492536,0.06550580431177445,0.022388059701492536,0.015754560530679935,0.012437810945273632,0.01990049751243781,0.020729684908789386,0.028192371475953566,0.03731343283582089,0.028192371475953566,0.03150912106135987
2026-04-03,0.12205387205387205,0.10353535353535354,0.0664983164983165,0.12962962962962962,0.061447811447811446,0.15404040404040403,0.02356902356902357,0.054713804713804715,0.021043771043771045,0.05723905723905724,0.018518518518518517,0.011784511784511785,0.012626262626262626,0.02356902356902357,0.021043771043771045,0.03367003367003367,0.031144781144781145,0.026936026936026935,0.026936026936026935
2026-04-07,0.12209302325581395,0.09634551495016612,0.06478405315614617,0.11877076411960133,0.0664451827242525,0.14534883720930233,0.02408637873754153,0.05398671096345515,0.019933554817275746,0.06561461794019934,0.018272425249169437,0.014119601328903655,0.015780730897009966,0.02574750830564784,0.027408637873754152,0.026578073089700997,0.03322259136212625,0.029900332225913623,0.03156146179401993
2026-04-08,0.1152228763666947,0.10597140454163162,0.06896551724137931,0.11858704793944491,0.060555088309503784,0.1404541631623213,0.027754415475189236,0.05214465937762826,0.023549201009251473,0.060555088309503784,0.024390243902439025,0.010933557611438183,0.011774600504625737,0.018502943650126155,0.028595458368376788,0.03616484440706476,0.03532380151387721,0.031118587047939444,0.02943650126156434
2026-04-09,0.12311557788944724,0.10301507537688442,0.0695142378559464,0.11557788944723618,0.06867671691792294,0.14991624790619765,0.025963149078726967,0.05695142378559464,0.025963149078726967,0.05527638190954774,0.015912897822445562,0.01256281407035176,0.010887772194304857,0.019262981574539362,0.022613065326633167,0.02763819095477387,0.03015075376884422,0.03433835845896147,0.032663316582914576
2026-04-10,0.12396694214876033,0.09917355371900827,0.06694214876033058,0.11983471074380166,0.06942148760330578,0.15206611570247933,0.02975206611570248,0.05537190082644628,0.019834710743801654,0.06198347107438017,0.015702479338842976,0.006611570247933884,0.009917355371900827,0.021487603305785124,0.021487603305785124,0.033884297520661154,0.030578512396694214,0.028925619834710745,0.03305785123966942
2026-04-13,0.12164429530201343,0.09815436241610738,0.061241610738255035,0.12835570469798657,0.06795302013422819,0.14513422818791946,0.024328859060402684,0.05620805369127517,0.02181208053691275,0.06543624161073826,0.014261744966442953,0.015100671140939598,0.01174496644295302,0.018456375838926176,0.026006711409395974,0.03859060402684564,0.025167785234899327,0.03271812080536913,0.027684563758389263
2026-04-14,0.13278688524590163,0.10327868852459017,0.06557377049180328,0.1180327868852459,0.06557377049180328,0.14344262295081966,0.023770491803278688,0.04836065573770492,0.02459016393442623,0.06229508196721312,0.012295081967213115,0.01721311475409836,0.01557377049180328,0.022950819672131147,0.020491803278688523,0.029508196721311476,0.027868852459016394,0.03360655737704918,0.03278688524590164
2026-04-15,0.12510495382031905,0.10243492863140219,0.06297229219143577,0.12174643157010916,0.07220822837951302,0.15113350125944586,0.027707808564231738,0.05289672544080604,0.01595298068849706,0.054575986565911,0.017632241813602016,0.008396305625524769,0.012594458438287154,0.023509655751469353,0.0218303946263644,0.033585222502099076,0.02938706968933669,0.0327455919395466,0.033585222502099076
2026-04-16,0.12552653748946924,0.09688289806234204,0.06823925863521482,0.12299915754001685,0.06655433866891322,0.14743049705139005,0.02527379949452401,0.04802021903959562,0.02358887952822241,0.05981465880370682,0.014321819713563605,0.010109519797809604,0.014321819713563605,0.02358887952822241,0.02443133951137321,0.03454085930918281,0.02780117944397641,0.031171019376579612,0.03538331929233361
2026-04-17,0.12468827930174564,0.10640066500415628,0.0714879467996675,0.1172069825436409,0.0714879467996675,0.14962593516209477,0.025768911055694097,0.04821280133000831,0.021612635078969242,0.058187863674147966,0.019118869492934332,0.012468827930174564,0.014131338320864505,0.021612635078969242,0.019118869492934332,0.029925187032418952,0.029093931837073983,0.029093931837073983,0.030756442227763924
2026-04-20,0.11892797319932999,0.10217755443886097,0.0661641541038526,0.12227805695142378,0.0695142378559464,0.15912897822445563,0.025963149078726967,0.051926298157453935,0.023450586264656615,0.06197654941373534,0.01423785594639866,0.008375209380234505,0.011725293132328308,0.02512562814070352,0.020100502512562814,0.02847571189279732,0.031825795644891124,0.02847571189279732,0.03015075376884422
2026-04-21,0.1261335531739489,0.09563066776586975,0.05935696619950536,0.12201154163231658,0.05935696619950536,0.14674361088211046,0.02720527617477329,0.05935696619950536,0.030502885408079144,0.05688375927452597,0.01236603462489695,0.01483924154987634,0.016488046166529265,0.02225886232481451,0.02720527617477329,0.03462489694971146,0.028029678483099753,0.033800494641384994,0.02720527617477329
2026-04-22,0.12531120331950207,0.09626556016597511,0.06390041493775933,0.13029045643153528,0.06224066390041494,0.14522821576763487,0.021576763485477178,0.056431535269709544,0.023236514522821577,0.06307053941908713,0.014937759336099586,0.016597510373443983,0.012448132780082987,0.021576763485477178,0.026556016597510373,0.03319502074688797,0.027385892116182572,0.025726141078838173,0.03402489626556016
2026-04-23,0.13277310924369748,0.1,0.06302521008403361,0.12605042016806722,0.06638655462184874,0.14453781512605043,0.02857142857142857,0.05378151260504202,0.021848739495798318,0.06890756302521009,0.015966386554621848,0.014285714285714285,0.011764705882352941,0.02100840336134454,0.018487394957983194,0.03277310924369748,0.02689075630252101,0.02100840336134454,0.031932773109243695
2026-04-24,0.12602965403624383,0.10461285008237232,0.06507413509060955,0.11696869851729819,0.0642504118616145,0.15238879736408567,0.029654036243822075,0.05271828665568369,0.022240527182866558,0.060955518945634266,0.01400329489291598,0.01729818780889621,0.009884678747940691,0.0214168039538715,0.019769357495881382,0.030477759472817133,0.029654036243822075,0.028830313014827018,0.03377265238879736
2026-04-27,0.12781954887218044,0.09941520467836257,0.06015037593984962,0.11862990810359231,0.06599832915622389,0.14786967418546365,0.031746031746031744,0.053467000835421885,0.023391812865497075,0.050960735171261484,0.015037593984962405,0.013366750208855471,0.014202172096908938,0.020050125313283207,0.025898078529657476,0.034252297410192145,0.030910609857978277,0.03341687552213868,0.03341687552213868
2026-04-28,0.12678421494542402,0.10243492863140219,0.061293031066330814,0.12090680100755667,0.0654911838790932,0.15197313182199831,0.02434928631402183,0.05709487825356843,0.026028547439126783,0.05793450881612091,0.015113350125944584,0.009235936188077247,0.01595298068849706,0.023509655751469353,0.016792611251049538,0.03442485306465155,0.02938706968933669,0.027707808564231738,0.033585222502099076
2026-04-29,0.11166666666666666,0.09916666666666667,0.065,0.115,0.07333333333333333,0.15416666666666667,0.03,0.05416666666666667,0.028333333333333332,0.06166666666666667,0.014166666666666666,0.013333333333333334,0.015833333333333335,0.020833333333333332,0.021666666666666667,0.02666666666666667,0.028333333333333332,0.029166666666666667,0.0375
2026-04-30,0.12301255230125523,0.10125523012552301,0.06527196652719665,0.11799163179916318,0.07196652719665272,0.15313807531380752,0.0301255230125523,0.05690376569037657,0.02594142259414226,0.059414225941422594,0.012552301255230125,0.011715481171548118,0.012552301255230125,0.02092050209205021,0.0200836820083682,0.023430962343096235,0.02510460251046025,0.035146443514644354,0.03347280334728033
2026-05-06,0.12331081081081081,0.10304054054054054,0.060810810810810814,0.13006756756756757,0.07516891891891891,0.14780405405405406,0.026182432432432432,0.05827702702702703,0.018581081081081082,0.05827702702702703,0.010135135135135136,0.01266891891891892,0.010135135135135136,0.017736486486486486,0.017736486486486486,0.03209459459459459,0.028716216216216218,0.032939189189189186,0.036317567567567564
2026-05-07,0.12375415282392027,0.10299003322259136,0.06229235880398671,0.12209302325581395,0.07807308970099668,0.14451827242524917,0.02823920265780731,0.057308970099667775,0.024916943521594685,0.059800664451827246,0.01079734219269103,0.013289036544850499,0.013289036544850499,0.019933554817275746,0.01910299003322259,0.036544850498338874,0.02159468438538206,0.02574750830564784,0.03571428571428571
2026-05-08,0.1262541806020067,0.10785953177257525,0.06270903010033445,0.12374581939799331,0.06939799331103678,0.14464882943143811,0.030936454849498328,0.05518394648829431,0.016722408026755852,0.06020066889632107,0.01588628762541806,0.013377926421404682,0.01588628762541806,0.017558528428093644,0.01839464882943144,0.033444816053511704,0.025919732441471572,0.027591973244147156,0.034280936454849496
2026-05-11,0.1306532663316583,0.09631490787269682,0.06532663316582915,0.11809045226130653,0.06532663316582915,0.15494137353433834,0.032663316582914576,0.05862646566164154,0.020100502512562814,0.05778894472361809,0.01507537688442211,0.01256281407035176,0.01256281407035176,0.022613065326633167,0.020938023450586266,0.031825795644891124,0.02931323283082077,0.022613065326633167,0.032663316582914576
2026-05-12,0.12344656172328086,0.1035625517812759,0.06628003314001657,0.11516155758077878,0.06462303231151616,0.14830157415078707,0.03396851698425849,0.0579950289975145,0.024855012427506214,0.0579950289975145,0.010770505385252692,0.012427506213753107,0.009113504556752278,0.024026512013256007,0.021541010770505385,0.033140016570008285,0.030654515327257662,0.03231151615575808,0.029826014913007456
2026-05-13,0.12416666666666666,0.1025,0.06583333333333333,0.11333333333333333,0.06666666666666667,0.15,0.029166666666666667,0.0625,0.0225,0.05333333333333334,0.013333333333333334,0.014166666666666666,0.014166666666666666,0.018333333333333333,0.019166666666666665,0.03833333333333333,0.0275,0.028333333333333332,0.03666666666666667
2026-05-14,0.1291390728476821,0.09768211920529801,0.062086092715231786,0.11258278145695365,0.07201986754966887,0.15066225165562913,0.030629139072847682,0.054635761589403975,0.02152317880794702,0.057119205298013245,0.012417218543046357,0.022350993377483443,0.013245033112582781,0.019867549668874173,0.024834437086092714,0.02566225165562914,0.024834437086092714,0.03559602649006623,0.033112582781456956
2026-05-15,0.12727272727272726,0.10330578512396695,0.07107438016528926,0.11239669421487604,0.06446280991735537,0.15041322314049588,0.0256198347107438,0.05950413223140496,0.021487603305785124,0.05867768595041322,0.012396694214876033,0.019834710743801654,0.01487603305785124,0.01652892561983471,0.019834710743801654,0.03636363636363636,0.024793388429752067,0.030578512396694214,0.030578512396694214
2026-05-18,0.12298558100084818,0.11195928753180662,0.06785411365564037,0.1297709923664122,0.06446140797285835,0.14927905004240882,0.02714164546225615,0.05767599660729432,0.018659881255301103,0.0542832909245123,0.009329940627650551,0.015267175572519083,0.010178117048346057,0.02205258693808312,0.021204410517387615,0.029686174724342665,0.029686174724342665,0.027989821882951654,0.030534351145038167
2026-05-19,0.1300745650372825,0.09776304888152444,0.06793703396851698,0.10936205468102735,0.06048053024026512,0.15410107705053852,0.027340513670256836,0.056338028169014086,0.01988400994200497,0.06213753106876554,0.013256006628003313,0.016570008285004142,0.0115990057995029,0.027340513670256836,0.021541010770505385,0.033140016570008285,0.02899751449875725,0.029826014913007456,0.03231151615575808
2026-05-20,0.12178956089478045,0.11101905550952776,0.0687655343827672,0.11184755592377796,0.06793703396851698,0.14167357083678542,0.033140016570008285,0.05302402651201325,0.024855012427506214,0.06048053024026512,0.010770505385252692,0.01739850869925435,0.0115990057995029,0.0231980115990058,0.01988400994200497,0.035625517812758904,0.028169014084507043,0.02899751449875725,0.029826014913007456
2026-05-21,0.12623762376237624,0.10808580858085809,0.06023102310231023,0.11716171617161716,0.06518151815181518,0.14933993399339934,0.026402640264026403,0.05033003300330033,0.019801980198019802,0.0627062706270627,0.013201320132013201,0.020627062706270627,0.012376237623762377,0.019801980198019802,0.0231023102310231,0.03217821782178218,0.03052805280528053,0.026402640264026403,0.036303630363036306
2026-05-22,0.11452282157676348,0.1037344398340249,0.07219917012448132,0.11535269709543569,0.06721991701244813,0.14771784232365145,0.03153526970954357,0.05394190871369295,0.02074688796680498,0.05975103734439834,0.013278008298755186,0.017427385892116183,0.013278008298755186,0.02074688796680498,0.01991701244813278,0.02987551867219917,0.03319502074688797,0.027385892116182572,0.038174273858921165
2026-05-25,0.12026913372582002,0.10933557611438183,0.07064760302775441,0.11774600504625736,0.06644238856181665,0.15306980656013458,0.02691337258200168,0.061396131202691336,0.017661900756938603,0.060555088309503784,0.0159798149705635,0.0159798149705635,0.010933557611438183,0.020185029436501262,0.0159798149705635,0.03784693019343986,0.028595458368376788,0.023549201009251473,0.02691337258200168
2026-05-26,0.12334437086092716,0.1076158940397351,0.06374172185430464,0.11920529801324503,0.0695364238410596,0.15480132450331127,0.026490066225165563,0.054635761589403975,0.019867549668874173,0.06539735099337748,0.013245033112582781,0.013245033112582781,0.013245033112582781,0.018211920529801324,0.01903973509933775,0.026490066225165563,0.028973509933774833,0.028973509933774833,0.03394039735099338
2026-05-27,0.11892797319932999,0.10217755443886097,0.06867671691792294,0.11222780569514237,0.06867671691792294,0.15661641541038526,0.02847571189279732,0.05611390284757119,0.02512562814070352,0.05862646566164154,0.015912897822445562,0.01507537688442211,0.011725293132328308,0.022613065326633167,0.020100502512562814,0.03015075376884422,0.02680067001675042,0.02680067001675042,0.035175879396984924
2026-05-28,0.11359867330016583,0.10364842454394693,0.06135986733001658,0.12437810945273632,0.05721393034825871,0.15008291873963517,0.03233830845771144,0.05140961857379768,0.02570480928689884,0.06218905472636816,0.020729684908789386,0.014925373134328358,0.014096185737976783,0.02321724709784411,0.020729684908789386,0.02736318407960199,0.03067993366500829,0.03482587064676617,0.03150912106135987
2026-05-29,0.11769616026711185,0.10767946577629382,0.0651085141903172,0.11936560934891485,0.06260434056761269,0.15191986644407346,0.02587646076794658,0.05425709515859766,0.02671118530884808,0.06260434056761269,0.017529215358931552,0.01335559265442404,0.010851419031719533,0.022537562604340568,0.015859766277128547,0.028380634390651086,0.027545909849749584,0.03589315525876461,0.034223706176961605
2026-06-01,0.11691542288557213,0.10862354892205639,0.06799336650082918,0.12189054726368159,0.06716417910447761,0.14759535655058043,0.028192371475953566,0.05472636815920398,0.022388059701492536,0.05804311774461028,0.014925373134328358,0.013266998341625208,0.012437810945273632,0.020729684908789386,0.020729684908789386,0.02570480928689884,0.02902155887230514,0.03067993366500829,0.03897180762852405
2026-06-02,0.11490424646128226,0.10657785179017486,0.061615320566194835,0.12323064113238967,0.06827643630308076,0.14071606994171523,0.029142381348875937,0.05995004163197336,0.020815986677768527,0.059117402164862616,0.014154870940882597,0.012489592006661115,0.01498751040799334,0.02331390507910075,0.017485428809325562,0.028309741881765195,0.03330557868442964,0.03663613655287261,0.034970857618651124
2026-06-03,0.11716171617161716,0.10396039603960396,0.06188118811881188,0.1188118811881188,0.057755775577557754,0.1476897689768977,0.028877887788778877,0.05858085808580858,0.028052805280528052,0.05363036303630363,0.013201320132013201,0.018976897689768978,0.013201320132013201,0.018151815181518153,0.018151815181518153,0.034653465346534656,0.03135313531353135,0.03547854785478548,0.040429042904290426
2026-06-04,0.11956521739130435,0.10785953177257525,0.07608695652173914,0.11705685618729098,0.056856187290969896,0.15217391304347827,0.028428093645484948,0.052675585284280936,0.026755852842809364,0.06270903010033445,0.019230769230769232,0.017558528428093644,0.014214046822742474,0.020903010033444816,0.01588628762541806,0.025919732441471572,0.025919732441471572,0.029264214046822744,0.030936454849498328
2026-06-05,0.1128500823723229,0.1070840197693575,0.06919275123558484,0.12355848434925865,0.05848434925864909,0.14497528830313014,0.02471169686985173,0.060955518945634266,0.029654036243822075,0.06260296540362438,0.015650741350906095,0.01400329489291598,0.009884678747940691,0.023887973640856673,0.012355848434925865,0.03706754530477759,0.030477759472817133,0.03212520593080725,0.030477759472817133
2026-06-08,0.11993382961124896,0.0934656741108354,0.06947890818858561,0.12406947890818859,0.062034739454094295,0.15301902398676592,0.028122415219189414,0.06286186931348221,0.017369727047146403,0.06120760959470637,0.01240694789081886,0.014061207609594707,0.014061207609594707,0.019851116625310174,0.01902398676592225,0.03556658395368073,0.023986765922249794,0.034739454094292806,0.034739454094292806
2026-06-09,0.11452282157676348,0.1078838174273859,0.06473029045643154,0.12946058091286308,0.06058091286307054,0.14937759336099585,0.029045643153526972,0.05892116182572614,0.025726141078838173,0.06224066390041494,0.012448132780082987,0.014937759336099586,0.013278008298755186,0.023236514522821577,0.019087136929460582,0.027385892116182572,0.023236514522821577,0.029045643153526972,0.034854771784232366
2026-06-10,0.11836734693877551,0.10285714285714286,0.06775510204081632,0.12163265306122449,0.05959183673469388,0.14775510204081632,0.030204081632653063,0.05061224489795919,0.026938775510204082,0.05795918367346939,0.0163265306122449,0.0163265306122449,0.0163265306122449,0.02122448979591837,0.02040816326530612,0.030204081632653063,0.0326530612244898,0.031020408163265307,0.03183673469387755
2026-06-11,0.115736885928393,0.10491257285595337,0.0649458784346378,0.11323896752706078,0.058284762697751874,0.1565362198168193,0.02414654454621149,0.058284762697751874,0.02497918401332223,0.06078268109908409,0.019150707743547043,0.018318068276436304,0.01582014987510408,0.022481265611990008,0.019150707743547043,0.025811823480432972,0.025811823480432972,0.03913405495420483,0.0324729392173189
2026-06-12,0.1176954732510288,0.10205761316872428,0.06255144032921811,0.12674897119341563,0.06172839506172839,0.145679012345679,0.02962962962962963,0.0551440329218107,0.02962962962962963,0.06337448559670782,0.007407407407407408,0.013991769547325103,0.014814814814814815,0.02551440329218107,0.01646090534979424,0.027983539094650206,0.02880658436213992,0.03868312757201646,0.03209876543209877
2026-06-15,0.11993382961124896,0.10504549214226634,0.065343258891646,0.11331679073614558,0.06617038875103391,0.14640198511166252,0.03225806451612903,0.05789909015715467,0.0206782464846981,0.05789909015715467,0.01240694789081886,0.011579818031430935,0.017369727047146403,0.01902398676592225,0.022332506203473945,0.028122415219189414,0.02729528535980149,0.043010752688172046,0.03391232423490488
2026-06-16,0.12283594394064304,0.11046990931574609,0.07007419620774938,0.11046990931574609,0.06100577081615829,0.14756801319043694,0.033800494641384994,0.05605935696619951,0.023907666941467436,0.060181368507831824,0.014014839241549877,0.014014839241549877,0.011541632316570486,0.021434460016488046,0.01483924154987634,0.02225886232481451,0.028029678483099753,0.036273701566364384,0.041220115416323165
2026-06-17,0.12769485903814262,0.11276948590381426,0.07131011608623548,0.11940298507462686,0.06053067993366501,0.14427860696517414,0.02570480928689884,0.05223880597014925,0.02404643449419569,0.05887230514096186,0.01077943615257048,0.012437810945273632,0.013266998341625208,0.02155887230514096,0.017412935323383085,0.028192371475953566,0.020729684908789386,0.04477611940298507,0.03399668325041459
2026-06-18,0.1242798353909465,0.10041152263374485,0.07242798353909465,0.1168724279835391,0.060082304526748974,0.14897119341563786,0.023868312757201648,0.05596707818930041,0.023045267489711935,0.05761316872427984,0.01316872427983539,0.015637860082304528,0.019753086419753086,0.02139917695473251,0.015637860082304528,0.030452674897119343,0.027160493827160494,0.03868312757201646,0.0345679012345679
2026-06-22,0.12006578947368421,0.10115131578947369,0.05921052631578947,0.125,0.05921052631578947,0.14638157894736842,0.02549342105263158,0.05263157894736842,0.029605263157894735,0.05674342105263158,0.013157894736842105,0.013980263157894737,0.015625,0.023848684210526317,0.019736842105263157,0.03125,0.028782894736842105,0.04029605263157895,0.03782894736842105
2026-06-23,0.12479608482871125,0.1068515497553018,0.06769983686786298,0.12398042414355628,0.06035889070146819,0.14110929853181076,0.028548123980424143,0.05628058727569331,0.028548123980424143,0.06035889070146819,0.013866231647634585,0.015497553017944535,0.009787928221859706,0.02202283849918434,0.017128874388254486,0.02773246329526917,0.026916802610114192,0.03425774877650897,0.03425774877650897
2026-06-24,0.1236603462489695,0.10964550700741962,0.07007419620774938,0.11129431162407255,0.06183017312448475,0.1508656224237428,0.028854080791426217,0.05358615004122012,0.02720527617477329,0.06347897774113767,0.014014839241549877,0.01236603462489695,0.010717230008244023,0.018136850783182192,0.018136850783182192,0.025556471558120363,0.02720527617477329,0.036273701566364384,0.03709810387469085
2026-06-25,0.11716171617161716,0.11221122112211221,0.06353135313531354,0.1188118811881188,0.06188118811881188,0.15346534653465346,0.033003300330033,0.05363036303630363,0.027227722772277228,0.06435643564356436,0.014026402640264026,0.012376237623762377,0.01485148514851485,0.017326732673267328,0.020627062706270627,0.022277227722772276,0.019801980198019802,0.03712871287128713,0.036303630363036306
2026-06-26,,,,,,,,,,,,,,,,,,,
